Tanggal,Tahun Pembuatan,Usia Kendaraan,Klasifikasi,CO,HC,Baku Mutu CO,Baku Mutu HC,CO_ratio,HC_ratio,segmen_tahun,Euro,alpha,Koreksi_CO,Koreksi_HC,LULUS/TIDAK,,,,,,
12/11/2024 00:00,1991,33,B,9.99,519,4,1000,2.4975,0.519,<2007,NON_EURO,0.2,0.2995,-0.0962,FALSE,,,,,,
20/11/2024 00:00,1991,33,B,1.55,1076,4,1000,0.3875,1.076,<2007,NON_EURO,0.2,-0.1225,0.0152,FALSE,,,,,,
31/08/2023 00:00,1997,26,B,3.43,185,3,700,1.143333333,0.264285714,<2007,NON_EURO,0.2,0.028666667,-0.147142857,FALSE,,,,,,
17/09/2023 00:00,1997,26,B,3.18,145,3,700,1.06,0.207142857,<2007,NON_EURO,0.2,0.012,-0.158571429,FALSE,,,,,,
25/07/2023 00:00,1997,26,B,0.17,1015,3,700,0.056666667,1.45,<2007,NON_EURO,0.2,-0.188666667,0.09,FALSE,,,,,,
26/04/2018,2003,15,B,9.2,342,4,1000,2.3,0.342,<2007,NON_EURO,0.2,0.26,-0.1316,FALSE,,,,,,
31/08/2023 00:00,2006,17,B,8.27,495,3,700,2.756666667,0.707142857,<2007,NON_EURO,0.2,0.351333333,-0.058571429,FALSE,,,,,,
26/06/2019,2011,8,B,2.9,287,1,150,2.9,1.913333333,2007-2018,EURO2,0.052,0.0988,0.047493333,FALSE,,,D,EURO4,2.42,2.322
28/08/2023 00:00,2010,13,B,3.88,505,1.5,200,2.586666667,2.525,2007-2018,EURO2,0.2,0.317333333,0.305,FALSE,,,C,EURO4,38,3.364
25/11/2023 00:00,2012,11,B,2.07,247,1,150,2.07,1.646666667,2007-2018,EURO2,0.2,0.214,0.129333333,FALSE,,,B,EURO4,1.01,
17/07/2018,2011,7,B,1.5,23,1,150,1.5,0.153333333,2007-2018,EURO2,0.2,0.1,-0.169333333,FALSE,,Min,B,NON_EURO,1.06,
20/03/2023 00:00,2018,5,B,2.11,285,1.5,200,1.406666667,1.425,2007-2018,EURO2,0.2,0.081333333,0.085,FALSE,,,,,,
03/11/2023 00:00,2012,11,B,1.39,403,1,150,1.39,2.686666667,2007-2018,EURO2,0.2,0.078,0.337333333,FALSE,,,C,NON_EURO,1.014,
08/09/2023 00:00,2014,9,B,1.18,363,1.5,200,0.786666667,1.815,2007-2018,EURO2,0.2,-0.042666667,0.163,FALSE,,,D,EURO4,1.44,
24/04/2024 00:00,2008,16,B,0.7,632,1,150,0.7,4.213333333,2007-2018,EURO2,0.2,-0.06,0.642666667,FALSE,,,B,EURO2,11.95,3.908
28/01/2024 00:00,2010,14,B,0.48,171,1,150,0.48,1.14,2007-2018,EURO2,0.2,-0.104,0.028,FALSE,,,D,NON_EURO,3.333333333,3.122458333
13/09/2023 00:00,2008,15,B,0.66,319,1.5,200,0.44,1.595,2007-2018,EURO2,0.2,-0.112,0.119,FALSE,,Max,B,NON_EURO,2.756666667,2.678916667
12/08/2024 00:00,2010,14,B,0.34,154,1,150,0.34,1.026666667,2007-2018,EURO2,0.2,-0.132,0.005333333,FALSE,,,C,EURO2,10,5.234
24/01/2023 00:00,2012,11,B,0.43,206,1.5,200,0.286666667,1.03,2007-2018,EURO2,0.2,-0.142666667,0.006,FALSE,,,B,EURO2,1.006666667,
30/09/2023 00:00,2013,10,B,0.42,457,1.5,200,0.28,2.285,2007-2018,EURO2,0.2,-0.144,0.257,FALSE,,,D,EURO2,1.006666667,
09/09/2023 00:00,2014,9,B,0.35,317,1.5,200,0.233333333,1.585,2007-2018,EURO2,0.2,-0.153333333,0.117,FALSE,,,,,,
04/01/2024 00:00,2017,7,B,0.18,245,1,150,0.18,1.633333333,2007-2018,EURO2,0.2,-0.164,0.126666667,FALSE,,,,,,
31/10/2023 00:00,2008,15,B,0.12,306,1,150,0.12,2.04,2007-2018,EURO2,0.2,-0.176,0.208,FALSE,,,B,EURO4,2.16,2.08
09/12/2023 00:00,2017,6,B,0.11,244,1,150,0.11,1.626666667,2007-2018,EURO2,0.2,-0.178,0.125333333,FALSE,,,,,,
27/07/2023 00:00,2012,11,B,0.12,396,1.5,200,0.08,1.98,2007-2018,EURO2,0.2,-0.184,0.196,FALSE,,,C,EURO2,1.006666667,
10/06/2024 00:00,2007,17,B,0.07,201,1,150,0.07,1.34,2007-2018,EURO2,0.2,-0.186,0.068,FALSE,,,,,,p95
04/11/2023 00:00,2009,14,B,0.06,198,1,150,0.06,1.32,2007-2018,EURO2,0.2,-0.188,0.064,FALSE,,,C,NON_EURO,9.657142857,2.49925
07/10/2023 00:00,2013,10,B,0.03,176,1,150,0.03,1.173333333,2007-2018,EURO2,0.2,-0.194,0.034666667,FALSE,,,D,NON_EURO,1.145,
01/09/2023 00:00,2014,9,B,0.03,2390,1.5,200,0.02,11.95,2007-2018,EURO2,0.2,-0.196,2.19,FALSE,,,,,,
01/11/2023 00:00,2010,13,B,0.01,180,1,150,0.01,1.2,2007-2018,EURO2,0.2,-0.198,0.04,FALSE,,,D,EURO2,16.625,4.922
30/10/2023 00:00,2014,9,B,0.004,186,1,150,0.004,1.24,2007-2018,EURO2,0.2,-0.1992,0.048,FALSE,,,,,,
01/11/2023 00:00,2013,10,B,0,151,1,150,0,1.006666667,2007-2018,EURO2,0.2,-0.2,0.001333333,FALSE,,,C,EURO4,1.01,
16/11/2023 00:00,2019,4,B,0.01,112,0.5,100,0.02,1.12,>2018,EURO4,0.1,-0.098,0.012,FALSE,,,,,,
24/10/2023 00:00,2019,4,B,0.01,142,0.5,100,0.02,1.42,>2018,EURO4,0.1,-0.098,0.042,FALSE,,,,,,
31/05/2024 00:00,2019,5,B,0.52,78,0.5,100,1.04,0.78,>2018,EURO4,0.1,0.004,-0.022,FALSE,,,,,,
15/03/2024 00:00,2019,5,B,0.2,144,0.5,100,0.4,1.44,>2018,EURO4,0.1,-0.06,0.044,FALSE,,,,,,
10/11/2023 00:00,2019,4,B,0.01,117,0.5,100,0.02,1.17,>2018,EURO4,0.1,-0.098,0.017,FALSE,,,,,,
15/01/2024 00:00,2019,5,B,0.05,101,0.5,100,0.1,1.01,>2018,EURO4,0.1,-0.09,0.001,FALSE,,,,,,
12/02/2024 00:00,2019,5,B,1,5,0.5,100,2,0.05,>2018,EURO4,0.1,0.1,-0.095,FALSE,,,,,,
23/10/2023 00:00,2019,4,B,0.39,119,0.5,100,0.78,1.19,>2018,EURO4,0.1,-0.022,0.019,FALSE,,,,,,
16/08/2024 00:00,2021,3,B,0.75,174,0.5,100,1.5,1.74,>2018,EURO4,0.1,0.05,0.074,FALSE,,,,,,
20/03/2025 00:00,2022,3,B,0.02,210.11,0.5,100,0.04,2.1011,>2018,EURO4,0.1,-0.096,0.11011,FALSE,,,,,,
02/03/2024 00:00,2022,2,B,1.08,117,0.5,100,2.16,1.17,>2018,EURO4,0.1,0.116,0.017,FALSE,,,,,,
17/09/2013,1990,23,C,6.9,586,4,1000,1.725,0.586,<2007,NON_EURO,0.25,0.18125,-0.1035,FALSE,,,,,,
24/04/2018,1991,27,C,4.5,4190,4,1000,1.125,4.19,<2007,NON_EURO,0.25,0.03125,0.7975,FALSE,,,,,,
11/04/2023 00:00,1991,32,C,1.48,836,3,700,0.493333333,1.194285714,<2007,NON_EURO,0.25,-0.126666667,0.048571429,FALSE,,,,,,
10/07/2019,1993,26,C,4.98,518,4,1000,1.245,0.518,<2007,NON_EURO,0.25,0.06125,-0.1205,FALSE,,,,,,
16/05/2017,1993,24,C,7.3,825,4,1000,1.825,0.825,<2007,NON_EURO,0.25,0.20625,-0.04375,FALSE,,,,,,
06/09/2023 00:00,1994,29,C,0.14,1374,3,700,0.046666667,1.962857143,<2007,NON_EURO,0.25,-0.238333333,0.240714286,FALSE,,,,,,
05/06/2023 00:00,1994,29,C,7.1,6760,3,700,2.366666667,9.657142857,<2007,NON_EURO,0.25,0.341666667,2.164285714,FALSE,,,,,,
12/05/2016,1995,21,C,4.76,908,4,1000,1.19,0.908,<2007,NON_EURO,0.25,0.0475,-0.023,FALSE,,,,,,
05/07/2022,1995,27,C,2.81,1014,4,1000,0.7025,1.014,<2007,NON_EURO,0.25,-0.074375,0.0035,FALSE,,,,,,
08/09/2023 00:00,1995,28,C,6.1,27,3,700,2.033333333,0.038571429,<2007,NON_EURO,0.25,0.258333333,-0.240357143,FALSE,,,,,,
06/10/2015,1995,20,C,9.01,355,4,1000,2.2525,0.355,<2007,NON_EURO,0.25,0.313125,-0.16125,FALSE,,,,,,
26/06/2019,1995,24,C,5.08,234,4,1000,1.27,0.234,<2007,NON_EURO,0.25,0.0675,-0.1915,FALSE,,,,,,
04/09/2023 00:00,1995,28,C,9.29,2111,3,700,3.096666667,3.015714286,<2007,NON_EURO,0.25,0.524166667,0.503928571,FALSE,,,,,,
18/09/2013,1996,17,C,9.06,2185,4,1000,2.265,2.185,<2007,NON_EURO,0.25,0.31625,0.29625,FALSE,,,,,,
09/09/2023 00:00,1996,27,C,5.57,759,3,700,1.856666667,1.084285714,<2007,NON_EURO,0.25,0.214166667,0.021071429,FALSE,,,,,,
02/05/2017,1996,21,C,5.91,1231,4,1000,1.4775,1.231,<2007,NON_EURO,0.25,0.119375,0.05775,FALSE,,,,,,
07/10/2015,1996,19,C,10,670,4,1000,2.5,0.67,<2007,NON_EURO,0.25,0.375,-0.0825,FALSE,,,,,,
20/05/2014,1996,18,C,9.81,762,4,1000,2.4525,0.762,<2007,NON_EURO,0.25,0.363125,-0.0595,FALSE,,,,,,
04/10/2023 00:00,1996,27,C,4.64,368,4,1000,1.16,0.368,<2007,NON_EURO,0.25,0.04,-0.158,FALSE,,,,,,
21/06/2022,1997,25,C,9.53,541,4,1000,2.3825,0.541,<2007,NON_EURO,0.25,0.345625,-0.11475,FALSE,,,,,,
17/01/2025 00:00,1997,28,C,7.71,763,4,1000,1.9275,0.763,<2007,NON_EURO,0.25,0.231875,-0.05925,FALSE,,,,,,
12/09/2023 00:00,1997,26,C,9.99,17,3,700,3.33,0.024285714,<2007,NON_EURO,0.25,0.5825,-0.243928571,FALSE,,,,,,
27/04/2016,1997,19,C,8.84,251,4,1000,2.21,0.251,<2007,NON_EURO,0.25,0.3025,-0.18725,FALSE,,,,,,
26/04/2016,1997,19,C,5.08,287,4,1000,1.27,0.287,<2007,NON_EURO,0.25,0.0675,-0.17825,FALSE,,,,,,
24/09/2014,1997,17,C,7.25,330,4,1000,1.8125,0.33,<2007,NON_EURO,0.25,0.203125,-0.1675,FALSE,,,,,,
30/08/2023 00:00,1997,26,C,5.68,3655,3,700,1.893333333,5.221428571,<2007,NON_EURO,0.25,0.223333333,1.055357143,FALSE,,,,,,
09/07/2019,1997,22,C,4.11,214,4,1000,1.0275,0.214,<2007,NON_EURO,0.25,0.006875,-0.1965,FALSE,,,,,,
17/09/2023 00:00,1997,26,C,0.55,958,3,700,0.183333333,1.368571429,<2007,NON_EURO,0.25,-0.204166667,0.092142857,FALSE,,,,,,
11/09/2013,1999,14,C,4.28,33,4,1000,1.07,0.033,<2007,NON_EURO,0.25,0.0175,-0.24175,FALSE,,,,,,
24/09/2014,1999,15,C,9.99,427,4,1000,2.4975,0.427,<2007,NON_EURO,0.25,0.374375,-0.14325,FALSE,,,,,,
10/07/2019,2000,19,C,9.57,748,4,1000,2.3925,0.748,<2007,NON_EURO,0.25,0.348125,-0.063,FALSE,,,,,,
11/06/2024 00:00,2000,24,C,5.31,378,4,1000,1.3275,0.378,<2007,NON_EURO,0.25,0.081875,-0.1555,FALSE,,,,,,
11/09/2013,2000,13,C,4.47,375,4,1000,1.1175,0.375,<2007,NON_EURO,0.25,0.029375,-0.15625,FALSE,,,,,,
09/07/2019,2000,19,C,6.07,442,4,1000,1.5175,0.442,<2007,NON_EURO,0.25,0.129375,-0.1395,FALSE,,,,,,
29/06/2022,2000,22,C,5.78,547,4,1000,1.445,0.547,<2007,NON_EURO,0.25,0.11125,-0.11325,FALSE,,,,,,
16/01/2025 00:00,2001,24,C,6.99,389,4,1000,1.7475,0.389,<2007,NON_EURO,0.25,0.186875,-0.15275,FALSE,,,,,,
26/04/2016,2001,15,C,4.13,418,4,1000,1.0325,0.418,<2007,NON_EURO,0.25,0.008125,-0.1455,FALSE,,,,,,
12/05/2016,2001,15,C,6.99,236,4,1000,1.7475,0.236,<2007,NON_EURO,0.25,0.186875,-0.191,FALSE,,,,,,
19/07/2018,2001,17,C,5.34,584,4,1000,1.335,0.584,<2007,NON_EURO,0.25,0.08375,-0.104,FALSE,,,,,,
25/09/2014,2001,13,C,6.96,390,4,1000,1.74,0.39,<2007,NON_EURO,0.25,0.185,-0.1525,FALSE,,,,,,
21/06/2022,2002,20,C,6.61,200,4,1000,1.6525,0.2,<2007,NON_EURO,0.25,0.163125,-0.2,FALSE,,,,,,
10/09/2023 00:00,2002,21,C,6.41,373,3,700,2.136666667,0.532857143,<2007,NON_EURO,0.25,0.284166667,-0.116785714,FALSE,,,,,,
10/05/2016,2002,14,C,7.33,470,4,1000,1.8325,0.47,<2007,NON_EURO,0.25,0.208125,-0.1325,FALSE,,,,,,
09/09/2023 00:00,2002,21,C,7.22,247,3,700,2.406666667,0.352857143,<2007,NON_EURO,0.25,0.351666667,-0.161785714,FALSE,,,,,,
25/07/2023 00:00,2003,20,C,7.35,467,3,700,2.45,0.667142857,<2007,NON_EURO,0.25,0.3625,-0.083214286,FALSE,,,,,,
16/05/2017,2003,14,C,6.68,1500,4,1000,1.67,1.5,<2007,NON_EURO,0.25,0.1675,0.125,FALSE,,,,,,
05/06/2023 00:00,2003,20,C,5.2,833,3,700,1.733333333,1.19,<2007,NON_EURO,0.25,0.183333333,0.0475,FALSE,,,,,,
09/07/2019,2003,16,C,4.41,556,4,1000,1.1025,0.556,<2007,NON_EURO,0.25,0.025625,-0.111,FALSE,,,,,,
18/09/2013,2003,10,C,6.75,1420,4,1000,1.6875,1.42,<2007,NON_EURO,0.25,0.171875,0.105,FALSE,,,,,,
05/06/2023 00:00,2003,20,C,5.62,162,3,700,1.873333333,0.231428571,<2007,NON_EURO,0.25,0.218333333,-0.192142857,FALSE,,,,,,
07/10/2015,2003,12,C,8.86,369,4,1000,2.215,0.369,<2007,NON_EURO,0.25,0.30375,-0.15775,FALSE,,,,,,
19/03/2019,2003,16,C,5.09,185,4,1000,1.2725,0.185,<2007,NON_EURO,0.25,0.068125,-0.20375,FALSE,,,,,,
31/08/2023 00:00,2003,20,C,4.06,822,3,700,1.353333333,1.174285714,<2007,NON_EURO,0.25,0.088333333,0.043571429,FALSE,,,,,,
10/09/2023 00:00,2003,20,C,4.69,162,3,700,1.563333333,0.231428571,<2007,NON_EURO,0.25,0.140833333,-0.192142857,FALSE,,,,,,
17/05/2017,2003,14,C,7.24,400,4,1000,1.81,0.4,<2007,NON_EURO,0.25,0.2025,-0.15,FALSE,,,,,,
25/11/2024 00:00,2003,21,C,9.92,812,4,1000,2.48,0.812,<2007,NON_EURO,0.25,0.37,-0.047,FALSE,,,,,,
02/05/2017,2003,14,C,6.24,777,4,1000,1.56,0.777,<2007,NON_EURO,0.25,0.14,-0.05575,FALSE,,,,,,
25/06/2019,2003,16,C,9.89,451,4,1000,2.4725,0.451,<2007,NON_EURO,0.25,0.368125,-0.13725,FALSE,,,,,,
04/05/2017,2003,14,C,10,159,4,1000,2.5,0.159,<2007,NON_EURO,0.25,0.375,-0.21025,FALSE,,,,,,
24/09/2014,2004,10,C,7.97,351,4,1000,1.9925,0.351,<2007,NON_EURO,0.25,0.248125,-0.16225,FALSE,,,,,,
29/06/2022,2004,18,C,4.39,193,4,1000,1.0975,0.193,<2007,NON_EURO,0.25,0.024375,-0.20175,FALSE,,,,,,
26/04/2018,2004,14,C,6.9,483,4,1000,1.725,0.483,<2007,NON_EURO,0.25,0.18125,-0.12925,FALSE,,,,,,
14/06/2022,2004,18,C,4.46,154,4,1000,1.115,0.154,<2007,NON_EURO,0.25,0.02875,-0.2115,FALSE,,,,,,
17/07/2018,2004,14,C,7.14,552,4,1000,1.785,0.552,<2007,NON_EURO,0.25,0.19625,-0.112,FALSE,,,,,,
25/07/2018,2004,14,C,7.73,800,4,1000,1.9325,0.8,<2007,NON_EURO,0.25,0.233125,-0.05,FALSE,,,,,,
08/10/2015,2004,11,C,6.29,493,4,1000,1.5725,0.493,<2007,NON_EURO,0.25,0.143125,-0.12675,FALSE,,,,,,
26/06/2019,2004,15,C,6.48,403,4,1000,1.62,0.403,<2007,NON_EURO,0.25,0.155,-0.14925,FALSE,,,,,,
08/10/2015,2004,11,C,6.33,217,4,1000,1.5825,0.217,<2007,NON_EURO,0.25,0.145625,-0.19575,FALSE,,,,,,
12/09/2013,2004,9,C,4.38,492,4,1000,1.095,0.492,<2007,NON_EURO,0.25,0.02375,-0.127,FALSE,,,,,,
04/09/2023 00:00,2004,19,C,4.48,201,3,700,1.493333333,0.287142857,<2007,NON_EURO,0.25,0.123333333,-0.178214286,FALSE,,,,,,
04/09/2023 00:00,2004,19,C,3.2,136,3,700,1.066666667,0.194285714,<2007,NON_EURO,0.25,0.016666667,-0.201428571,FALSE,,,,,,
08/09/2023 00:00,2004,19,C,3.24,408,3,700,1.08,0.582857143,<2007,NON_EURO,0.25,0.02,-0.104285714,FALSE,,,,,,
16/05/2017,2004,13,C,5.25,175,4,1000,1.3125,0.175,<2007,NON_EURO,0.25,0.078125,-0.20625,FALSE,,,,,,
11/10/2023 00:00,2004,19,C,7.92,869,4,1000,1.98,0.869,<2007,NON_EURO,0.25,0.245,-0.03275,FALSE,,,,,,
18/05/2017,2004,13,C,4.94,3140,4,1000,1.235,3.14,<2007,NON_EURO,0.25,0.05875,0.535,FALSE,,,,,,
18/09/2013,2004,9,C,4.55,69,4,1000,1.1375,0.069,<2007,NON_EURO,0.25,0.034375,-0.23275,FALSE,,,,,,
10/09/2023 00:00,2004,19,C,5.45,37,3,700,1.816666667,0.052857143,<2007,NON_EURO,0.25,0.204166667,-0.236785714,FALSE,,,,,,
11/09/2013,2005,8,C,5.55,303,4,1000,1.3875,0.303,<2007,NON_EURO,0.25,0.096875,-0.17425,FALSE,,,,,,
12/09/2023 00:00,2005,18,C,3.83,411,3,700,1.276666667,0.587142857,<2007,NON_EURO,0.25,0.069166667,-0.103214286,FALSE,,,,,,
06/10/2015,2005,10,C,5.31,770,4,1000,1.3275,0.77,<2007,NON_EURO,0.25,0.081875,-0.0575,FALSE,,,,,,
07/03/2023 00:00,2005,18,C,8.37,317,3,700,2.79,0.452857143,<2007,NON_EURO,0.25,0.4475,-0.136785714,FALSE,,,,,,
05/07/2023 00:00,2005,18,C,4.75,743,3,700,1.583333333,1.061428571,<2007,NON_EURO,0.25,0.145833333,0.015357143,FALSE,,,,,,
31/05/2016,2005,11,C,5.31,770,4,1000,1.3275,0.77,<2007,NON_EURO,0.25,0.081875,-0.0575,FALSE,,,,,,
20/11/2014,2005,9,C,5.68,450,4,1000,1.42,0.45,<2007,NON_EURO,0.25,0.105,-0.1375,FALSE,,,,,,
14/09/2023 00:00,2005,18,C,4.16,1286,3,700,1.386666667,1.837142857,<2007,NON_EURO,0.25,0.096666667,0.209285714,FALSE,,,,,,
07/10/2015,2005,10,C,0.23,1192,4,1000,0.0575,1.192,<2007,NON_EURO,0.25,-0.235625,0.048,FALSE,,,,,,
24/09/2014,2005,9,C,7.27,422,4,1000,1.8175,0.422,<2007,NON_EURO,0.25,0.204375,-0.1445,FALSE,,,,,,
16/05/2017,2005,12,C,10,574,4,1000,2.5,0.574,<2007,NON_EURO,0.25,0.375,-0.1065,FALSE,,,,,,
02/05/2017,2005,12,C,7.36,212,4,1000,1.84,0.212,<2007,NON_EURO,0.25,0.21,-0.197,FALSE,,,,,,
14/06/2022,2005,17,C,1.62,1118,4,1000,0.405,1.118,<2007,NON_EURO,0.25,-0.14875,0.0295,FALSE,,,,,,
30/03/2022,2005,17,C,5.98,246,4,1000,1.495,0.246,<2007,NON_EURO,0.25,0.12375,-0.1885,FALSE,,,,,,
21/05/2014,2005,9,C,4.4,346,4,1000,1.1,0.346,<2007,NON_EURO,0.25,0.025,-0.1635,FALSE,,,,,,
18/07/2018,2005,13,C,7.89,672,4,1000,1.9725,0.672,<2007,NON_EURO,0.25,0.243125,-0.082,FALSE,,,,,,
06/10/2015,2005,10,C,5.33,309,4,1000,1.3325,0.309,<2007,NON_EURO,0.25,0.083125,-0.17275,FALSE,,,,,,
23/09/2014,2005,9,C,5.85,487,4,1000,1.4625,0.487,<2007,NON_EURO,0.25,0.115625,-0.12825,FALSE,,,,,,
10/09/2013,2005,8,C,9.36,1842,4,1000,2.34,1.842,<2007,NON_EURO,0.25,0.335,0.2105,FALSE,,,,,,
13/09/2023 00:00,2005,18,C,5.68,204,3,700,1.893333333,0.291428571,<2007,NON_EURO,0.25,0.223333333,-0.177142857,FALSE,,,,,,
24/09/2014,2005,9,C,7.3,90,4,1000,1.825,0.09,<2007,NON_EURO,0.25,0.20625,-0.2275,FALSE,,,,,,
22/02/2024 00:00,2005,19,C,2.06,1565,4,1000,0.515,1.565,<2007,NON_EURO,0.25,-0.12125,0.14125,FALSE,,,,,,
26/04/2018,2006,12,C,7.35,898,4,1000,1.8375,0.898,<2007,NON_EURO,0.25,0.209375,-0.0255,FALSE,,,,,,
18/05/2016,2006,10,C,7.86,264,4,1000,1.965,0.264,<2007,NON_EURO,0.25,0.24125,-0.184,FALSE,,,,,,
07/10/2015,2006,9,C,6.12,216,4,1000,1.53,0.216,<2007,NON_EURO,0.25,0.1325,-0.196,FALSE,,,,,,
03/09/2023 00:00,2006,17,C,3.43,227,3,700,1.143333333,0.324285714,<2007,NON_EURO,0.25,0.035833333,-0.168928571,FALSE,,,,,,
27/04/2016,2006,10,C,4.51,155,4,1000,1.1275,0.155,<2007,NON_EURO,0.25,0.031875,-0.21125,FALSE,,,,,,
30/06/2022,2006,16,C,4.36,171,4,1000,1.09,0.171,<2007,NON_EURO,0.25,0.0225,-0.20725,FALSE,,,,,,
21/09/2023 00:00,2006,17,C,3.91,205,3,700,1.303333333,0.292857143,<2007,NON_EURO,0.25,0.075833333,-0.176785714,FALSE,,,,,,
04/11/2023 00:00,2006,17,C,9.99,1106,4,1000,2.4975,1.106,<2007,NON_EURO,0.25,0.374375,0.0265,FALSE,,,,,,
21/03/2019,2012,7,C,0.39,1490,1,150,0.39,9.933333333,2007-2018,EURO2,0.25,-0.1525,2.233333333,FALSE,,,,,,
06/09/2023 00:00,2012,11,C,0.326,1367,1.5,200,0.217333333,6.835,2007-2018,EURO2,0.25,-0.195666667,1.45875,FALSE,,,,,,
22/05/2014,2013,1,C,1.57,985,1,150,1.57,6.566666667,2007-2018,EURO2,0.25,0.1425,1.391666667,FALSE,,,,,,
29/03/2022,2010,12,C,0.89,714,1,150,0.89,4.76,2007-2018,EURO2,0.25,-0.0275,0.94,FALSE,,,,,,
10/07/2019,2013,6,C,5.3,692,1,150,5.3,4.613333333,2007-2018,EURO2,0.25,1.075,0.903333333,FALSE,,,,,,
02/06/2016,2008,8,C,4.61,686,1,150,4.61,4.573333333,2007-2018,EURO2,0.25,0.9025,0.893333333,FALSE,,,,,,
20/03/2019,2012,7,C,0.12,644,1,150,0.12,4.293333333,2007-2018,EURO2,0.25,-0.22,0.823333333,FALSE,,,,,,
24/04/2019,2014,5,C,0.37,573,1,150,0.37,3.82,2007-2018,EURO2,0.25,-0.1575,0.705,FALSE,,,,,,
26/04/2018,2007,11,C,8.83,554,1,150,8.83,3.693333333,2007-2018,EURO2,0.25,1.9575,0.673333333,FALSE,,,,,,
24/09/2014,2008,6,C,5.88,538,1,150,5.88,3.586666667,2007-2018,EURO2,0.25,1.22,0.646666667,FALSE,,,,,,
04/09/2023 00:00,2017,6,C,0.82,716,1.5,200,0.546666667,3.58,2007-2018,EURO2,0.25,-0.113333333,0.645,FALSE,,,,,,
08/09/2023 00:00,2016,7,C,0.92,705,1.5,200,0.613333333,3.525,2007-2018,EURO2,0.25,-0.096666667,0.63125,FALSE,,,,,,
06/11/2023 00:00,2016,7,C,0,515,1,150,0,3.433333333,2007-2018,EURO2,0.25,-0.25,0.608333333,FALSE,,,,,,
29/03/2022,2015,7,C,1.58,504,1,150,1.58,3.36,2007-2018,EURO2,0.25,0.145,0.59,FALSE,,,,,,
18/09/2013,2012,1,C,7.06,475,1,150,7.06,3.166666667,2007-2018,EURO2,0.25,1.515,0.541666667,FALSE,,,,,,
21/10/2023 00:00,2010,13,C,0,469,1,150,0,3.126666667,2007-2018,EURO2,0.25,-0.25,0.531666667,FALSE,,,,,,
22/05/2014,2011,3,C,0.85,460,1,150,0.85,3.066666667,2007-2018,EURO2,0.25,-0.0375,0.516666667,FALSE,,,,,,
07/10/2015,2012,3,C,5.5,414,1,150,5.5,2.76,2007-2018,EURO2,0.25,1.125,0.44,FALSE,,,,,,
17/09/2023 00:00,2018,5,C,3.92,542,1.5,200,2.613333333,2.71,2007-2018,EURO2,0.25,0.403333333,0.4275,FALSE,,,,,,
18/05/2016,2010,6,C,3.88,392,1,150,3.88,2.613333333,2007-2018,EURO2,0.25,0.72,0.403333333,FALSE,,,,,,
05/11/2024 00:00,2015,9,C,8.08,387,1,150,8.08,2.58,2007-2018,EURO2,0.25,1.77,0.395,FALSE,,,,,,
23/06/2022,2013,9,C,1.23,379,1,150,1.23,2.526666667,2007-2018,EURO2,0.25,0.0575,0.381666667,FALSE,,,,,,
07/10/2015,2012,3,C,0.11,369,1,150,0.11,2.46,2007-2018,EURO2,0.25,-0.2225,0.365,FALSE,,,,,,
23/09/2023 00:00,2016,7,C,0,482,1.5,200,0,2.41,2007-2018,EURO2,0.25,-0.25,0.3525,FALSE,,,,,,
18/07/2018,2017,1,C,2.47,357,1,150,2.47,2.38,2007-2018,EURO2,0.25,0.3675,0.345,FALSE,,,,,,
29/09/2023 00:00,2016,7,C,0.1,470,1.5,200,0.066666667,2.35,2007-2018,EURO2,0.25,-0.233333333,0.3375,FALSE,,,,,,
20/05/2014,2013,1,C,6.91,352,1,150,6.91,2.346666667,2007-2018,EURO2,0.25,1.4775,0.336666667,FALSE,,,,,,
10/09/2023 00:00,2012,11,C,0.14,466,1.5,200,0.093333333,2.33,2007-2018,EURO2,0.25,-0.226666667,0.3325,FALSE,,,,,,
17/09/2023 00:00,2013,10,C,6.31,460,1.5,200,4.206666667,2.3,2007-2018,EURO2,0.25,0.801666667,0.325,FALSE,,,,,,
18/09/2013,2011,2,C,1.64,341,1,150,1.64,2.273333333,2007-2018,EURO2,0.25,0.16,0.318333333,FALSE,,,,,,
24/11/2023 00:00,2014,9,C,0.08,337,1,150,0.08,2.246666667,2007-2018,EURO2,0.25,-0.23,0.311666667,FALSE,,,,,,
28/06/2022,2010,12,C,5.7,334,1,150,5.7,2.226666667,2007-2018,EURO2,0.25,1.175,0.306666667,FALSE,,,,,,
27/12/2023 00:00,2010,13,C,0.47,332,1,150,0.47,2.213333333,2007-2018,EURO2,0.25,-0.1325,0.303333333,FALSE,,,,,,
30/08/2023 00:00,2016,7,C,0.42,438,1.5,200,0.28,2.19,2007-2018,EURO2,0.25,-0.18,0.2975,FALSE,,,,,,
21/02/2024 00:00,2012,12,C,0.39,322,1,150,0.39,2.146666667,2007-2018,EURO2,0.25,-0.1525,0.286666667,FALSE,,,,,,
16/05/2017,2013,4,C,0.21,320,1,150,0.21,2.133333333,2007-2018,EURO2,0.25,-0.1975,0.283333333,FALSE,,,,,,
09/09/2023 00:00,2017,6,C,0.08,408,1.5,200,0.053333333,2.04,2007-2018,EURO2,0.25,-0.236666667,0.26,FALSE,,,,,,
08/10/2023 00:00,2008,15,C,0.33,303,1,150,0.33,2.02,2007-2018,EURO2,0.25,-0.1675,0.255,FALSE,,,,,,
17/02/2025 00:00,2016,9,C,0.55,296,1,150,0.55,1.973333333,2007-2018,EURO2,0.25,-0.1125,0.243333333,FALSE,,,,,,
25/10/2023 00:00,2012,11,C,0.4,295,1,150,0.4,1.966666667,2007-2018,EURO2,0.25,-0.15,0.241666667,FALSE,,,,,,
16/05/2017,2012,5,C,0.12,288,1,150,0.12,1.92,2007-2018,EURO2,0.25,-0.22,0.23,FALSE,,,,,,
21/11/2024 00:00,2015,9,C,5.19,384,1,200,5.19,1.92,2007-2018,EURO2,0.25,1.0475,0.23,FALSE,,,,,,
28/08/2023 00:00,2017,6,C,0.3,384,1.5,200,0.2,1.92,2007-2018,EURO2,0.25,-0.2,0.23,FALSE,,,,,,
17/05/2016,2011,5,C,0,282,1,150,0,1.88,2007-2018,EURO2,0.25,-0.25,0.22,FALSE,,,,,,
09/10/2023 00:00,2011,12,C,0.56,278,1,150,0.56,1.853333333,2007-2018,EURO2,0.25,-0.11,0.213333333,FALSE,,,,,,
10/09/2023 00:00,2015,8,C,0,364,1.5,200,0,1.82,2007-2018,EURO2,0.25,-0.25,0.205,FALSE,,,,,,
02/10/2023 00:00,2017,6,C,0.01,273,1,150,0.01,1.82,2007-2018,EURO2,0.25,-0.2475,0.205,FALSE,,,,,,
16/05/2017,2016,1,C,0.13,270,1,150,0.13,1.8,2007-2018,EURO2,0.25,-0.2175,0.2,FALSE,,,,,,
24/09/2023 00:00,2018,5,C,0.26,357,1.5,200,0.173333333,1.785,2007-2018,EURO2,0.25,-0.206666667,0.19625,FALSE,,,,,,
31/05/2016,2014,2,C,0.47,262,1,150,0.47,1.746666667,2007-2018,EURO2,0.25,-0.1325,0.186666667,FALSE,,,,,,
06/06/2024 00:00,2011,13,C,1.28,261,1,150,1.28,1.74,2007-2018,EURO2,0.25,0.07,0.185,FALSE,,,,,,
19/09/2023 00:00,2012,11,C,0.44,343,1.5,200,0.293333333,1.715,2007-2018,EURO2,0.25,-0.176666667,0.17875,FALSE,,,,,,
10/09/2023 00:00,2013,10,C,4.18,341,1.5,200,2.786666667,1.705,2007-2018,EURO2,0.25,0.446666667,0.17625,FALSE,,,,,,
26/06/2019,2010,9,C,0.29,254,1,150,0.29,1.693333333,2007-2018,EURO2,0.25,-0.1775,0.173333333,FALSE,,,,,,
04/09/2023 00:00,2012,11,C,0.593,337,1.5,200,0.395333333,1.685,2007-2018,EURO2,0.25,-0.151166667,0.17125,FALSE,,,,,,
05/07/2022,2010,12,C,0.45,252,1,150,0.45,1.68,2007-2018,EURO2,0.25,-0.1375,0.17,FALSE,,,,,,
17/09/2023 00:00,2012,11,C,0.28,334,1.5,200,0.186666667,1.67,2007-2018,EURO2,0.25,-0.203333333,0.1675,FALSE,,,,,,
15/03/2025 00:00,2008,17,C,0.33,250,1,150,0.33,1.666666667,2007-2018,EURO2,0.25,-0.1675,0.166666667,FALSE,,,,,,
26/06/2024 00:00,2013,11,C,0.86,250,1,150,0.86,1.666666667,2007-2018,EURO2,0.25,-0.035,0.166666667,FALSE,,,,,,
21/03/2019,2013,6,C,5.51,249,1,150,5.51,1.66,2007-2018,EURO2,0.25,1.1275,0.165,FALSE,,,,,,
29/03/2022,2012,10,C,2.62,246,1,150,2.62,1.64,2007-2018,EURO2,0.25,0.405,0.16,FALSE,,,,,,
18/07/2018,2010,8,C,3.35,244,1,150,3.35,1.626666667,2007-2018,EURO2,0.25,0.5875,0.156666667,FALSE,,,,,,
04/11/2023 00:00,2018,5,C,0.55,243,1,150,0.55,1.62,2007-2018,EURO2,0.25,-0.1125,0.155,FALSE,,,,,,
09/07/2019,2013,6,C,0.01,241,1,150,0.01,1.606666667,2007-2018,EURO2,0.25,-0.2475,0.151666667,FALSE,,,,,,
20/03/2019,2016,3,C,0,236,1,150,0,1.573333333,2007-2018,EURO2,0.25,-0.25,0.143333333,FALSE,,,,,,
28/08/2024 00:00,2017,7,C,0.4,236,1,150,0.4,1.573333333,2007-2018,EURO2,0.25,-0.15,0.143333333,FALSE,,,,,,
08/10/2015,2012,3,C,2.6,235,1,150,2.6,1.566666667,2007-2018,EURO2,0.25,0.4,0.141666667,FALSE,,,,,,
10/09/2023 00:00,2016,7,C,0.44,311,1.5,200,0.293333333,1.555,2007-2018,EURO2,0.25,-0.176666667,0.13875,FALSE,,,,,,
29/06/2022,2018,4,C,0.02,233,1,150,0.02,1.553333333,2007-2018,EURO2,0.25,-0.245,0.138333333,FALSE,,,,,,
29/08/2023 00:00,2014,9,C,0.14,308,1.5,200,0.093333333,1.54,2007-2018,EURO2,0.25,-0.226666667,0.135,FALSE,,,,,,
17/05/2017,2011,6,C,0.51,228,1,150,0.51,1.52,2007-2018,EURO2,0.25,-0.1225,0.13,FALSE,,,,,,
05/09/2023 00:00,2012,11,C,0.09,303,1.5,200,0.06,1.515,2007-2018,EURO2,0.25,-0.235,0.12875,FALSE,,,,,,
28/06/2022,2016,6,C,0.46,225,1,150,0.46,1.5,2007-2018,EURO2,0.25,-0.135,0.125,FALSE,,,,,,
27/04/2016,2012,4,C,0.14,224,1,150,0.14,1.493333333,2007-2018,EURO2,0.25,-0.215,0.123333333,FALSE,,,,,,
03/10/2023 00:00,2013,10,C,0.32,223,1,150,0.32,1.486666667,2007-2018,EURO2,0.25,-0.17,0.121666667,FALSE,,,,,,
21/05/2014,2013,1,C,0.57,222,1,150,0.57,1.48,2007-2018,EURO2,0.25,-0.1075,0.12,FALSE,,,,,,
18/05/2017,2012,5,C,0.21,220,1,150,0.21,1.466666667,2007-2018,EURO2,0.25,-0.1975,0.116666667,FALSE,,,,,,
25/04/2018,2014,4,C,3.64,220,1,150,3.64,1.466666667,2007-2018,EURO2,0.25,0.66,0.116666667,FALSE,,,,,,
04/05/2017,2010,7,C,2.68,219,1,150,2.68,1.46,2007-2018,EURO2,0.25,0.42,0.115,FALSE,,,,,,
04/09/2023 00:00,2017,6,C,0.43,292,1.5,200,0.286666667,1.46,2007-2018,EURO2,0.25,-0.178333333,0.115,FALSE,,,,,,
13/12/2023 00:00,2016,7,C,0.43,217,1,150,0.43,1.446666667,2007-2018,EURO2,0.25,-0.1425,0.111666667,FALSE,,,,,,
13/12/2023 00:00,2016,7,C,0.43,217,1,150,0.43,1.446666667,2007-2018,EURO2,0.25,-0.1425,0.111666667,FALSE,,,,,,
17/09/2013,2011,2,C,2.34,216,1,150,2.34,1.44,2007-2018,EURO2,0.25,0.335,0.11,FALSE,,,,,,
10/09/2013,2010,3,C,0,215,1,150,0,1.433333333,2007-2018,EURO2,0.25,-0.25,0.108333333,FALSE,,,,,,
29/08/2023 00:00,2012,11,C,0.15,284,1.5,200,0.1,1.42,2007-2018,EURO2,0.25,-0.225,0.105,FALSE,,,,,,
25/06/2019,2017,2,C,0.87,212,1,150,0.87,1.413333333,2007-2018,EURO2,0.25,-0.0325,0.103333333,FALSE,,,,,,
30/08/2023 00:00,2008,15,C,0.32,280,1.5,200,0.213333333,1.4,2007-2018,EURO2,0.25,-0.196666667,0.1,FALSE,,,,,,
31/05/2016,2014,2,C,1.95,208,1,150,1.95,1.386666667,2007-2018,EURO2,0.25,0.2375,0.096666667,FALSE,,,,,,
23/04/2019,2011,8,C,5.71,207,1,150,5.71,1.38,2007-2018,EURO2,0.25,1.1775,0.095,FALSE,,,,,,
06/07/2022,2017,5,C,0.05,207,1,150,0.05,1.38,2007-2018,EURO2,0.25,-0.2375,0.095,FALSE,,,,,,
22/01/2025 00:00,2009,16,C,2.08,205,1,150,2.08,1.366666667,2007-2018,EURO2,0.25,0.27,0.091666667,FALSE,,,,,,
25/11/2023 00:00,2014,9,C,0.01,205,1,150,0.01,1.366666667,2007-2018,EURO2,0.25,-0.2475,0.091666667,FALSE,,,,,,
04/09/2023 00:00,2017,6,C,0.16,273,1.5,200,0.106666667,1.365,2007-2018,EURO2,0.25,-0.223333333,0.09125,FALSE,,,,,,
12/07/2023 00:00,2013,10,C,0.34,272,1.5,200,0.226666667,1.36,2007-2018,EURO2,0.25,-0.193333333,0.09,FALSE,,,,,,
17/07/2019,2014,5,C,0,204,1,150,0,1.36,2007-2018,EURO2,0.25,-0.25,0.09,FALSE,,,,,,
23/09/2014,2011,3,C,1.9,200,1,150,1.9,1.333333333,2007-2018,EURO2,0.25,0.225,0.083333333,FALSE,,,,,,
09/12/2023 00:00,2015,8,C,0.56,200,1,150,0.56,1.333333333,2007-2018,EURO2,0.25,-0.11,0.083333333,FALSE,,,,,,
18/11/2023 00:00,2010,13,C,0.16,198,1,150,0.16,1.32,2007-2018,EURO2,0.25,-0.21,0.08,FALSE,,,,,,
18/05/2016,2013,3,C,0.8,198,1,150,0.8,1.32,2007-2018,EURO2,0.25,-0.05,0.08,FALSE,,,,,,
11/06/2024 00:00,2014,10,C,0.12,197,1,150,0.12,1.313333333,2007-2018,EURO2,0.25,-0.22,0.078333333,FALSE,,,,,,
28/08/2023 00:00,2010,13,C,0,262,1.5,200,0,1.31,2007-2018,EURO2,0.25,-0.25,0.0775,FALSE,,,,,,
18/11/2023 00:00,2008,15,C,0.55,196,1,150,0.55,1.306666667,2007-2018,EURO2,0.25,-0.1125,0.076666667,FALSE,,,,,,
20/02/2024 00:00,2012,12,C,1.14,196,1,150,1.14,1.306666667,2007-2018,EURO2,0.25,0.035,0.076666667,FALSE,,,,,,
16/05/2017,2013,4,C,0.49,196,1,150,0.49,1.306666667,2007-2018,EURO2,0.25,-0.1275,0.076666667,FALSE,,,,,,
30/08/2023 00:00,2014,9,C,0.185,261,1.5,200,0.123333333,1.305,2007-2018,EURO2,0.25,-0.219166667,0.07625,FALSE,,,,,,
18/09/2013,2007,6,C,0.43,194,1,150,0.43,1.293333333,2007-2018,EURO2,0.25,-0.1425,0.073333333,FALSE,,,,,,
22/05/2014,2013,1,C,1.3,194,1,150,1.3,1.293333333,2007-2018,EURO2,0.25,0.075,0.073333333,FALSE,,,,,,
09/07/2019,2013,6,C,0.11,194,1,150,0.11,1.293333333,2007-2018,EURO2,0.25,-0.2225,0.073333333,FALSE,,,,,,
05/09/2023 00:00,2011,12,C,0,256,1.5,200,0,1.28,2007-2018,EURO2,0.25,-0.25,0.07,FALSE,,,,,,
02/12/2023 00:00,2018,5,C,0.1,192,1,150,0.1,1.28,2007-2018,EURO2,0.25,-0.225,0.07,FALSE,,,,,,
07/10/2023 00:00,2014,9,C,0.42,191,1,150,0.42,1.273333333,2007-2018,EURO2,0.25,-0.145,0.068333333,FALSE,,,,,,
10/09/2023 00:00,2018,5,C,1.8,252,1.5,200,1.2,1.26,2007-2018,EURO2,0.25,0.05,0.065,FALSE,,,,,,
09/07/2019,2010,9,C,0.71,188,1,150,0.71,1.253333333,2007-2018,EURO2,0.25,-0.0725,0.063333333,FALSE,,,,,,
17/07/2019,2013,6,C,0.04,188,1,150,0.04,1.253333333,2007-2018,EURO2,0.25,-0.24,0.063333333,FALSE,,,,,,
26/06/2024 00:00,2015,9,C,0.34,188,1,150,0.34,1.253333333,2007-2018,EURO2,0.25,-0.165,0.063333333,FALSE,,,,,,
23/02/2023 00:00,2012,11,C,2.5,250,1.5,200,1.666666667,1.25,2007-2018,EURO2,0.25,0.166666667,0.0625,FALSE,,,,,,
29/03/2022,2008,14,C,0.55,187,1,150,0.55,1.246666667,2007-2018,EURO2,0.25,-0.1125,0.061666667,FALSE,,,,,,
18/05/2016,2007,9,C,1.01,186,1,150,1.01,1.24,2007-2018,EURO2,0.25,0.0025,0.06,FALSE,,,,,,
12/10/2023 00:00,2016,7,C,0.2,186,1,150,0.2,1.24,2007-2018,EURO2,0.25,-0.2,0.06,FALSE,,,,,,
02/10/2023 00:00,2018,5,C,0.58,186,1,150,0.58,1.24,2007-2018,EURO2,0.25,-0.105,0.06,FALSE,,,,,,
12/10/2023 00:00,2018,5,C,0.37,186,1,150,0.37,1.24,2007-2018,EURO2,0.25,-0.1575,0.06,FALSE,,,,,,
23/09/2023 00:00,2018,5,C,0.7,248,1.5,200,0.466666667,1.24,2007-2018,EURO2,0.25,-0.133333333,0.06,FALSE,,,,,,
06/10/2015,2010,5,C,0.52,185,1,150,0.52,1.233333333,2007-2018,EURO2,0.25,-0.12,0.058333333,FALSE,,,,,,
16/05/2017,2017,0,C,0.04,185,1,150,0.04,1.233333333,2007-2018,EURO2,0.25,-0.24,0.058333333,FALSE,,,,,,
16/12/2023 00:00,2013,10,C,0.27,184,1,150,0.27,1.226666667,2007-2018,EURO2,0.25,-0.1825,0.056666667,FALSE,,,,,,
27/09/2023 00:00,2008,15,C,0.36,245,1.5,200,0.24,1.225,2007-2018,EURO2,0.25,-0.19,0.05625,FALSE,,,,,,
04/11/2023 00:00,2009,14,C,0,183,1,150,0,1.22,2007-2018,EURO2,0.25,-0.25,0.055,FALSE,,,,,,
30/03/2022,2014,8,C,0.08,183,1,150,0.08,1.22,2007-2018,EURO2,0.25,-0.23,0.055,FALSE,,,,,,
12/09/2023 00:00,2010,13,C,0,243,1.5,200,0,1.215,2007-2018,EURO2,0.25,-0.25,0.05375,FALSE,,,,,,
09/09/2023 00:00,2018,5,C,0.08,243,1.5,200,0.053333333,1.215,2007-2018,EURO2,0.25,-0.236666667,0.05375,FALSE,,,,,,
10/06/2024 00:00,2011,13,C,0.29,181,1,150,0.29,1.206666667,2007-2018,EURO2,0.25,-0.1775,0.051666667,FALSE,,,,,,
10/07/2019,2014,5,C,0.47,181,1,150,0.47,1.206666667,2007-2018,EURO2,0.25,-0.1325,0.051666667,FALSE,,,,,,
29/06/2022,2012,10,C,0.47,180,1,150,0.47,1.2,2007-2018,EURO2,0.25,-0.1325,0.05,FALSE,,,,,,
31/08/2023 00:00,2015,8,C,0.52,240,1.5,200,0.346666667,1.2,2007-2018,EURO2,0.25,-0.163333333,0.05,FALSE,,,,,,
24/09/2014,2008,6,C,0.47,179,1,150,0.47,1.193333333,2007-2018,EURO2,0.25,-0.1325,0.048333333,FALSE,,,,,,
11/11/2023 00:00,2012,11,C,0.36,179,1,150,0.36,1.193333333,2007-2018,EURO2,0.25,-0.16,0.048333333,FALSE,,,,,,
20/03/2019,2013,6,C,0.38,179,1,150,0.38,1.193333333,2007-2018,EURO2,0.25,-0.155,0.048333333,FALSE,,,,,,
20/02/2025 00:00,2012,13,C,1.99,178,1,150,1.99,1.186666667,2007-2018,EURO2,0.25,0.2475,0.046666667,FALSE,,,,,,
17/09/2023 00:00,2010,13,C,0.12,237,1.5,200,0.08,1.185,2007-2018,EURO2,0.25,-0.23,0.04625,FALSE,,,,,,
31/08/2024 00:00,2014,10,C,0.1,177,1,150,0.1,1.18,2007-2018,EURO2,0.25,-0.225,0.045,FALSE,,,,,,
06/10/2015,2014,1,C,0.1,177,1,150,0.1,1.18,2007-2018,EURO2,0.25,-0.225,0.045,FALSE,,,,,,
31/08/2023 00:00,2008,15,C,1.38,235,1.5,200,0.92,1.175,2007-2018,EURO2,0.25,-0.02,0.04375,FALSE,,,,,,
19/11/2014,2010,4,C,2.28,176,1,150,2.28,1.173333333,2007-2018,EURO2,0.25,0.32,0.043333333,FALSE,,,,,,
26/07/2018,2013,5,C,0.41,176,1,150,0.41,1.173333333,2007-2018,EURO2,0.25,-0.1475,0.043333333,FALSE,,,,,,
18/11/2023 00:00,2014,9,C,0.32,176,1,150,0.32,1.173333333,2007-2018,EURO2,0.25,-0.17,0.043333333,FALSE,,,,,,
13/10/2023 00:00,2017,6,C,0,176,1,150,0,1.173333333,2007-2018,EURO2,0.25,-0.25,0.043333333,FALSE,,,,,,
31/08/2024 00:00,2012,12,C,0.03,175,1,150,0.03,1.166666667,2007-2018,EURO2,0.25,-0.2425,0.041666667,FALSE,,,,,,
04/09/2023 00:00,2014,9,C,0.36,231,1.5,200,0.24,1.155,2007-2018,EURO2,0.25,-0.19,0.03875,FALSE,,,,,,
22/06/2022,2013,9,C,0.82,173,1,150,0.82,1.153333333,2007-2018,EURO2,0.25,-0.045,0.038333333,FALSE,,,,,,
19/09/2023 00:00,2018,5,C,0.39,230,1.5,200,0.26,1.15,2007-2018,EURO2,0.25,-0.185,0.0375,FALSE,,,,,,
18/07/2019,2008,11,C,1.94,171,1,150,1.94,1.14,2007-2018,EURO2,0.25,0.235,0.035,FALSE,,,,,,
11/09/2013,2010,3,C,0,171,1,150,0,1.14,2007-2018,EURO2,0.25,-0.25,0.035,FALSE,,,,,,
03/10/2023 00:00,2012,11,C,0.41,171,1,150,0.41,1.14,2007-2018,EURO2,0.25,-0.1475,0.035,FALSE,,,,,,
10/05/2016,2014,2,C,4.88,171,1,150,4.88,1.14,2007-2018,EURO2,0.25,0.97,0.035,FALSE,,,,,,
21/07/2024 00:00,2013,11,C,0.17,170,1,150,0.17,1.133333333,2007-2018,EURO2,0.25,-0.2075,0.033333333,FALSE,,,,,,
18/07/2018,2013,5,C,0.48,170,1,150,0.48,1.133333333,2007-2018,EURO2,0.25,-0.13,0.033333333,FALSE,,,,,,
10/07/2019,2016,3,C,5.38,170,1,150,5.38,1.133333333,2007-2018,EURO2,0.25,1.095,0.033333333,FALSE,,,,,,
05/10/2023 00:00,2013,10,C,0.27,169,1,150,0.27,1.126666667,2007-2018,EURO2,0.25,-0.1825,0.031666667,FALSE,,,,,,
15/01/2024 00:00,2016,8,C,0.28,169,1,150,0.28,1.126666667,2007-2018,EURO2,0.25,-0.18,0.031666667,FALSE,,,,,,
07/10/2023 00:00,2010,13,C,0.44,168,1,150,0.44,1.12,2007-2018,EURO2,0.25,-0.14,0.03,FALSE,,,,,,
04/09/2023 00:00,2012,11,C,0.18,223,1.5,200,0.12,1.115,2007-2018,EURO2,0.25,-0.22,0.02875,FALSE,,,,,,
15/10/2024 00:00,2012,12,C,0.038,167,1,150,0.038,1.113333333,2007-2018,EURO2,0.25,-0.2405,0.028333333,FALSE,,,,,,
09/09/2023 00:00,2018,5,C,0.27,221,1.5,200,0.18,1.105,2007-2018,EURO2,0.25,-0.205,0.02625,FALSE,,,,,,
09/09/2023 00:00,2010,13,C,0.11,220,1.5,200,0.073333333,1.1,2007-2018,EURO2,0.25,-0.231666667,0.025,FALSE,,,,,,
10/09/2023 00:00,2017,6,C,0.48,220,1.5,200,0.32,1.1,2007-2018,EURO2,0.25,-0.17,0.025,FALSE,,,,,,
09/07/2019,2017,2,C,1.12,165,1,150,1.12,1.1,2007-2018,EURO2,0.25,0.03,0.025,FALSE,,,,,,
31/08/2023 00:00,2015,8,C,2.64,219,1.5,200,1.76,1.095,2007-2018,EURO2,0.25,0.19,0.02375,FALSE,,,,,,
07/07/2022,2011,11,C,0.4,164,1,150,0.4,1.093333333,2007-2018,EURO2,0.25,-0.15,0.023333333,FALSE,,,,,,
19/03/2019,2014,5,C,1.98,164,1,150,1.98,1.093333333,2007-2018,EURO2,0.25,0.245,0.023333333,FALSE,,,,,,
31/08/2023 00:00,2012,11,C,1.27,217,1.5,200,0.846666667,1.085,2007-2018,EURO2,0.25,-0.038333333,0.02125,FALSE,,,,,,
29/08/2023 00:00,2018,5,C,0.49,217,1.5,200,0.326666667,1.085,2007-2018,EURO2,0.25,-0.168333333,0.02125,FALSE,,,,,,
29/08/2023 00:00,2012,11,C,0.21,216,1.5,200,0.14,1.08,2007-2018,EURO2,0.25,-0.215,0.02,FALSE,,,,,,
31/08/2023 00:00,2013,10,C,0.4,216,1.5,200,0.266666667,1.08,2007-2018,EURO2,0.25,-0.183333333,0.02,FALSE,,,,,,
09/09/2023 00:00,2014,9,C,3.57,216,1.5,200,2.38,1.08,2007-2018,EURO2,0.25,0.345,0.02,FALSE,,,,,,
31/03/2022,2016,6,C,0.61,162,1,150,0.61,1.08,2007-2018,EURO2,0.25,-0.0975,0.02,FALSE,,,,,,
28/08/2023 00:00,2017,6,C,0.01,215,1.5,200,0.006666667,1.075,2007-2018,EURO2,0.25,-0.248333333,0.01875,FALSE,,,,,,
16/01/2023 00:00,2018,5,C,0.5,215,1.5,200,0.333333333,1.075,2007-2018,EURO2,0.25,-0.166666667,0.01875,FALSE,,,,,,
02/09/2024 00:00,2018,6,C,0.03,161,1,150,0.03,1.073333333,2007-2018,EURO2,0.25,-0.2425,0.018333333,FALSE,,,,,,
11/09/2013,2010,3,C,0.09,160,1,150,0.09,1.066666667,2007-2018,EURO2,0.25,-0.2275,0.016666667,FALSE,,,,,,
06/02/2024 00:00,2010,14,C,0.35,160,1,150,0.35,1.066666667,2007-2018,EURO2,0.25,-0.1625,0.016666667,FALSE,,,,,,
06/11/2023 00:00,2011,12,C,0,160,1,150,0,1.066666667,2007-2018,EURO2,0.25,-0.25,0.016666667,FALSE,,,,,,
06/10/2015,2014,1,C,0.01,160,1,150,0.01,1.066666667,2007-2018,EURO2,0.25,-0.2475,0.016666667,FALSE,,,,,,
10/07/2019,2010,9,C,1.04,159,1,150,1.04,1.06,2007-2018,EURO2,0.25,0.01,0.015,FALSE,,,,,,
26/10/2023 00:00,2018,5,C,0.13,159,1,150,0.13,1.06,2007-2018,EURO2,0.25,-0.2175,0.015,FALSE,,,,,,
28/08/2023 00:00,2008,15,C,0.55,211,1.5,200,0.366666667,1.055,2007-2018,EURO2,0.25,-0.158333333,0.01375,FALSE,,,,,,
05/06/2023 00:00,2010,13,C,0.37,211,1.5,200,0.246666667,1.055,2007-2018,EURO2,0.25,-0.188333333,0.01375,FALSE,,,,,,
25/06/2019,2009,10,C,1,158,1,150,1,1.053333333,2007-2018,EURO2,0.25,0,0.013333333,FALSE,,,,,,
09/09/2023 00:00,2016,7,C,2,210,1.5,200,1.333333333,1.05,2007-2018,EURO2,0.25,0.083333333,0.0125,FALSE,,,,,,
05/10/2023 00:00,2010,13,C,0.13,157,1,150,0.13,1.046666667,2007-2018,EURO2,0.25,-0.2175,0.011666667,FALSE,,,,,,
26/07/2018,2016,2,C,0.14,157,1,150,0.14,1.046666667,2007-2018,EURO2,0.25,-0.215,0.011666667,FALSE,,,,,,
21/11/2023 00:00,2018,5,C,0.28,157,1,150,0.28,1.046666667,2007-2018,EURO2,0.25,-0.18,0.011666667,FALSE,,,,,,
23/04/2024 00:00,2018,6,C,0.13,156,1,150,0.13,1.04,2007-2018,EURO2,0.25,-0.2175,0.01,FALSE,,,,,,
08/10/2015,2010,5,C,0.66,155,1,150,0.66,1.033333333,2007-2018,EURO2,0.25,-0.085,0.008333333,FALSE,,,,,,
16/05/2017,2012,5,C,0.38,155,1,150,0.38,1.033333333,2007-2018,EURO2,0.25,-0.155,0.008333333,FALSE,,,,,,
29/06/2022,2013,9,C,0.65,155,1,150,0.65,1.033333333,2007-2018,EURO2,0.25,-0.0875,0.008333333,FALSE,,,,,,
17/10/2024 00:00,2013,11,C,1.05,155,1,150,1.05,1.033333333,2007-2018,EURO2,0.25,0.0125,0.008333333,FALSE,,,,,,
17/05/2016,2009,7,C,0,154,1,150,0,1.026666667,2007-2018,EURO2,0.25,-0.25,0.006666667,FALSE,,,,,,
19/09/2013,2010,3,C,0.82,154,1,150,0.82,1.026666667,2007-2018,EURO2,0.25,-0.045,0.006666667,FALSE,,,,,,
17/05/2017,2012,5,C,0.36,154,1,150,0.36,1.026666667,2007-2018,EURO2,0.25,-0.16,0.006666667,FALSE,,,,,,
01/09/2023 00:00,2018,5,C,0.17,205,1.5,200,0.113333333,1.025,2007-2018,EURO2,0.25,-0.221666667,0.00625,FALSE,,,,,,
04/01/2023 00:00,2017,6,C,0.46,203,1.5,200,0.306666667,1.015,2007-2018,EURO2,0.25,-0.173333333,0.00375,FALSE,,,,,,
15/10/2023 00:00,2014,9,C,0.47,152,1,150,0.47,1.013333333,2007-2018,EURO2,0.25,-0.1325,0.003333333,FALSE,,,,,,
09/07/2019,2015,4,C,0.78,151,1,150,0.78,1.006666667,2007-2018,EURO2,0.25,-0.055,0.001666667,FALSE,,,,,,
23/06/2022,2016,6,C,0.12,151,1,150,0.12,1.006666667,2007-2018,EURO2,0.25,-0.22,0.001666667,FALSE,,,,,,
25/07/2018,2016,2,C,0.6,151,1,150,0.6,1.006666667,2007-2018,EURO2,0.25,-0.1,0.001666667,FALSE,,,,,,
17/07/2018,2018,0,C,0.01,151,1,150,0.01,1.006666667,2007-2018,EURO2,0.25,-0.2475,0.001666667,FALSE,,,,,,
16/07/2019,2013,6,C,2.06,149,1,150,2.06,0.993333333,2007-2018,EURO2,0.25,0.265,-0.001666667,FALSE,,,,,,
02/10/2023 00:00,2013,10,C,1.3,146,1,150,1.3,0.973333333,2007-2018,EURO2,0.25,0.075,-0.006666667,FALSE,,,,,,
09/07/2019,2007,12,C,1.41,145,1,150,1.41,0.966666667,2007-2018,EURO2,0.25,0.1025,-0.008333333,FALSE,,,,,,
10/05/2016,2013,3,C,1.3,144,1,150,1.3,0.96,2007-2018,EURO2,0.25,0.075,-0.01,FALSE,,,,,,
21/06/2022,2017,5,C,2.03,143,1,150,2.03,0.953333333,2007-2018,EURO2,0.25,0.2575,-0.011666667,FALSE,,,,,,
17/05/2016,2013,3,C,1.28,141,1,150,1.28,0.94,2007-2018,EURO2,0.25,0.07,-0.015,FALSE,,,,,,
28/04/2024 00:00,2017,7,C,1.49,140,1,150,1.49,0.933333333,2007-2018,EURO2,0.25,0.1225,-0.016666667,FALSE,,,,,,
10/09/2013,2008,5,C,1.36,139,1,150,1.36,0.926666667,2007-2018,EURO2,0.25,0.09,-0.018333333,FALSE,,,,,,
18/07/2018,2018,0,C,1.04,138,1,150,1.04,0.92,2007-2018,EURO2,0.25,0.01,-0.02,FALSE,,,,,,
16/11/2023 00:00,2011,12,C,1.13,136,1,150,1.13,0.906666667,2007-2018,EURO2,0.25,0.0325,-0.023333333,FALSE,,,,,,
04/05/2017,2011,6,C,1.43,127,1,150,1.43,0.846666667,2007-2018,EURO2,0.25,0.1075,-0.038333333,FALSE,,,,,,
17/09/2013,2008,5,C,1.17,126,1,150,1.17,0.84,2007-2018,EURO2,0.25,0.0425,-0.04,FALSE,,,,,,
01/09/2023 00:00,2015,8,C,2.61,164,1.5,200,1.74,0.82,2007-2018,EURO2,0.25,0.185,-0.045,FALSE,,,,,,
06/09/2023 00:00,2010,13,C,1.9,158,1.5,200,1.266666667,0.79,2007-2018,EURO2,0.25,0.066666667,-0.0525,FALSE,,,,,,
08/10/2015,2012,3,C,1.8,118,1,150,1.8,0.786666667,2007-2018,EURO2,0.25,0.2,-0.053333333,FALSE,,,,,,
09/07/2019,2010,9,C,1.28,116,1,150,1.28,0.773333333,2007-2018,EURO2,0.25,0.07,-0.056666667,FALSE,,,,,,
25/11/2024 00:00,2012,12,C,1.27,114,1,150,1.27,0.76,2007-2018,EURO2,0.25,0.0675,-0.06,FALSE,,,,,,
29/06/2022,2014,8,C,1.02,114,1,150,1.02,0.76,2007-2018,EURO2,0.25,0.005,-0.06,FALSE,,,,,,
22/05/2024 00:00,2018,6,C,1.65,110,1,150,1.65,0.733333333,2007-2018,EURO2,0.25,0.1625,-0.066666667,FALSE,,,,,,
10/05/2016,2012,4,C,1.36,108,1,150,1.36,0.72,2007-2018,EURO2,0.25,0.09,-0.07,FALSE,,,,,,
15/06/2022,2014,8,C,1.83,102,1,150,1.83,0.68,2007-2018,EURO2,0.25,0.2075,-0.08,FALSE,,,,,,
28/04/2024 00:00,2017,7,C,1.49,102,1,150,1.49,0.68,2007-2018,EURO2,0.25,0.1225,-0.08,FALSE,,,,,,
08/10/2015,2013,2,C,1.28,101,1,150,1.28,0.673333333,2007-2018,EURO2,0.25,0.07,-0.081666667,FALSE,,,,,,
07/10/2015,2014,1,C,1.12,101,1,150,1.12,0.673333333,2007-2018,EURO2,0.25,0.03,-0.081666667,FALSE,,,,,,
09/07/2019,2018,1,C,1.21,99,1,150,1.21,0.66,2007-2018,EURO2,0.25,0.0525,-0.085,FALSE,,,,,,
01/06/2016,2012,4,C,2.38,94,1,150,2.38,0.626666667,2007-2018,EURO2,0.25,0.345,-0.093333333,FALSE,,,,,,
17/05/2017,2010,7,C,3.33,87,1,150,3.33,0.58,2007-2018,EURO2,0.25,0.5825,-0.105,FALSE,,,,,,
19/03/2019,2015,4,C,4.37,86,1,150,4.37,0.573333333,2007-2018,EURO2,0.25,0.8425,-0.106666667,FALSE,,,,,,
04/11/2023 00:00,2014,9,C,10,69,1,150,10,0.46,2007-2018,EURO2,0.25,2.25,-0.135,FALSE,,,,,,
01/02/2024 00:00,2010,14,C,1.01,68,1,150,1.01,0.453333333,2007-2018,EURO2,0.25,0.0025,-0.136666667,FALSE,,,,,,
22/05/2024 00:00,2017,7,C,1.62,55,1,150,1.62,0.366666667,2007-2018,EURO2,0.25,0.155,-0.158333333,FALSE,,,,,,
02/06/2016,2010,6,C,1.21,51,1,150,1.21,0.34,2007-2018,EURO2,0.25,0.0525,-0.165,FALSE,,,,,,
17/05/2017,2016,1,C,8.72,48,1,150,8.72,0.32,2007-2018,EURO2,0.25,1.93,-0.17,FALSE,,,,,,
26/07/2018,2016,2,C,1.43,46,1,150,1.43,0.306666667,2007-2018,EURO2,0.25,0.1075,-0.173333333,FALSE,,,,,,
16/05/2017,2016,1,C,1.24,37,1,150,1.24,0.246666667,2007-2018,EURO2,0.25,0.06,-0.188333333,FALSE,,,,,,
17/05/2017,2012,5,C,1.37,36,1,150,1.37,0.24,2007-2018,EURO2,0.25,0.0925,-0.19,FALSE,,,,,,
07/10/2015,2013,2,C,1.92,26,1,150,1.92,0.173333333,2007-2018,EURO2,0.25,0.23,-0.206666667,FALSE,,,,,,
12/09/2013,2013,0,C,2.39,24,1,150,2.39,0.16,2007-2018,EURO2,0.25,0.3475,-0.21,FALSE,,,,,,
11/05/2016,2010,6,C,2.4,17,1,150,2.4,0.113333333,2007-2018,EURO2,0.25,0.35,-0.221666667,FALSE,,,,,,
25/06/2019,2018,1,C,1.42,17,1,150,1.42,0.113333333,2007-2018,EURO2,0.25,0.105,-0.221666667,FALSE,,,,,,
17/05/2017,2014,3,C,4.37,14,1,150,4.37,0.093333333,2007-2018,EURO2,0.25,0.8425,-0.226666667,FALSE,,,,,,
06/10/2015,2010,5,C,1.33,13,1,150,1.33,0.086666667,2007-2018,EURO2,0.25,0.0825,-0.228333333,FALSE,,,,,,
27/06/2019,2017,2,C,1.09,11,1,150,1.09,0.073333333,2007-2018,EURO2,0.25,0.0225,-0.231666667,FALSE,,,,,,
07/10/2015,2011,4,C,1.31,8,1,150,1.31,0.053333333,2007-2018,EURO2,0.25,0.0775,-0.236666667,FALSE,,,,,,
23/08/2023 00:00,2018,5,C,1.6,7,1.5,200,1.066666667,0.035,2007-2018,EURO2,0.25,0.016666667,-0.24125,FALSE,,,,,,
12/09/2013,2009,4,C,1.75,0,1,150,1.75,0,2007-2018,EURO2,0.25,0.1875,-0.25,FALSE,,,,,,
16/03/2023 00:00,2017,6,C,2,0,1.5,200,1.333333333,0,2007-2018,EURO2,0.25,0.083333333,-0.25,FALSE,,,,,,
29/06/2022,2019,3,C,1,41,0.5,100,2,0.41,>2018,EURO4,0.25,0.25,-0.1475,FALSE,,,,,,
02/11/2023 00:00,2019,4,C,0,124,0.5,100,0,1.24,>2018,EURO4,0.25,-0.25,0.06,FALSE,,,,,,
16/10/2024 00:00,2019,5,C,0.75,90,0.5,100,1.5,0.9,>2018,EURO4,0.25,0.125,-0.025,FALSE,,,,,,
01/12/2023 00:00,2019,4,C,0.24,131,0.5,100,0.48,1.31,>2018,EURO4,0.25,-0.13,0.0775,FALSE,,,,,,
07/05/2024 00:00,2019,5,C,0.62,32,0.5,100,1.24,0.32,>2018,EURO4,0.25,0.06,-0.17,FALSE,,,,,,
24/09/2024 00:00,2019,5,C,0.9,82,0.5,150,1.8,0.546666667,>2018,EURO4,0.25,0.2,-0.113333333,FALSE,,,,,,
17/10/2023 00:00,2019,4,C,0.05,135,0.5,100,0.1,1.35,>2018,EURO4,0.25,-0.225,0.0875,FALSE,,,,,,
22/11/2023 00:00,2019,4,C,0.8,10,0.5,100,1.6,0.1,>2018,EURO4,0.25,0.15,-0.225,FALSE,,,,,,
04/06/2024 00:00,2019,5,C,0.9,49,0.5,100,1.8,0.49,>2018,EURO4,0.25,0.2,-0.1275,FALSE,,,,,,
02/11/2023 00:00,2019,4,C,0,116,0.5,100,0,1.16,>2018,EURO4,0.25,-0.25,0.04,FALSE,,,,,,
09/09/2023 00:00,2019,4,C,0.29,206,1.5,200,0.193333333,1.03,>2018,EURO4,0.25,-0.201666667,0.0075,FALSE,,,,,,
17/07/2019,2019,0,C,1.41,19,0.5,100,2.82,0.19,>2018,EURO4,0.25,0.455,-0.2025,FALSE,,,,,,
14/06/2022,2019,3,C,0,189,0.5,100,0,1.89,>2018,EURO4,0.25,-0.25,0.2225,FALSE,,,,,,
26/05/2023 00:00,2019,4,C,2.5,547,1.5,200,1.666666667,2.735,>2018,EURO4,0.25,0.166666667,0.43375,FALSE,,,,,,
31/10/2023 00:00,2019,4,C,1.2,33,0.5,100,2.4,0.33,>2018,EURO4,0.25,0.35,-0.1675,FALSE,,,,,,
21/10/2023 00:00,2019,4,C,1,22,0.5,100,2,0.22,>2018,EURO4,0.25,0.25,-0.195,FALSE,,,,,,
03/10/2023 00:00,2019,4,C,0.71,22,0.5,100,1.42,0.22,>2018,EURO4,0.25,0.105,-0.195,FALSE,,,,,,
20/10/2023 00:00,2019,4,C,0.03,118,0.5,100,0.06,1.18,>2018,EURO4,0.25,-0.235,0.045,FALSE,,,,,,
21/10/2023 00:00,2019,4,C,0.27,191,0.5,100,0.54,1.91,>2018,EURO4,0.25,-0.115,0.2275,FALSE,,,,,,
12/10/2023 00:00,2019,4,C,0.15,148,0.5,100,0.3,1.48,>2018,EURO4,0.25,-0.175,0.12,FALSE,,,,,,
10/09/2023 00:00,2019,4,C,1.36,286,1.5,200,0.906666667,1.43,>2018,EURO4,0.25,-0.023333333,0.1075,FALSE,,,,,,
02/06/2023 00:00,2019,4,C,2,250,1.5,200,1.333333333,1.25,>2018,EURO4,0.25,0.083333333,0.0625,FALSE,,,,,,
21/06/2022,2019,3,C,1.52,175,0.5,100,3.04,1.75,>2018,EURO4,0.25,0.51,0.1875,FALSE,,,,,,
28/06/2022,2019,3,C,0.71,157,0.5,100,1.42,1.57,>2018,EURO4,0.25,0.105,0.1425,FALSE,,,,,,
30/04/2024 00:00,2019,5,C,0.9,33,0.5,100,1.8,0.33,>2018,EURO4,0.25,0.2,-0.1675,FALSE,,,,,,
26/11/2023 00:00,2019,4,C,0.57,38,0.5,100,1.14,0.38,>2018,EURO4,0.25,0.035,-0.155,FALSE,,,,,,
04/09/2023 00:00,2019,4,C,0,800,1.5,200,0,4,>2018,EURO4,0.25,-0.25,0.75,FALSE,,,,,,
20/10/2023 00:00,2019,4,C,0.36,148,0.5,100,0.72,1.48,>2018,EURO4,0.25,-0.07,0.12,FALSE,,,,,,
06/03/2024 00:00,2019,5,C,0.35,162,0.5,100,0.7,1.62,>2018,EURO4,0.25,-0.075,0.155,FALSE,,,,,,
05/01/2024 00:00,2019,5,C,0.03,114,0.5,100,0.06,1.14,>2018,EURO4,0.25,-0.235,0.035,FALSE,,,,,,
24/09/2023 00:00,2019,4,C,0.42,666,1.5,200,0.28,3.33,>2018,EURO4,0.25,-0.18,0.5825,FALSE,,,,,,
30/06/2022,2019,3,C,1.88,123,0.5,100,3.76,1.23,>2018,EURO4,0.25,0.69,0.0575,FALSE,,,,,,
29/03/2022,2019,3,C,0.16,106,0.5,100,0.32,1.06,>2018,EURO4,0.25,-0.17,0.015,FALSE,,,,,,
31/01/2024 00:00,2019,5,C,0,101,0.5,100,0,1.01,>2018,EURO4,0.25,-0.25,0.0025,FALSE,,,,,,
31/10/2023 00:00,2019,4,C,1.27,31,0.5,100,2.54,0.31,>2018,EURO4,0.25,0.385,-0.1725,FALSE,,,,,,
05/02/2024 00:00,2019,5,C,1,20,0.5,100,2,0.2,>2018,EURO4,0.25,0.25,-0.2,FALSE,,,,,,
10/11/2023 00:00,2019,4,C,0.77,66,0.5,150,1.54,0.44,>2018,EURO4,0.25,0.135,-0.14,FALSE,,,,,,
05/09/2024 00:00,2019,5,C,0.04,128,0.5,100,0.08,1.28,>2018,EURO4,0.25,-0.23,0.07,FALSE,,,,,,
14/06/2022,2019,3,C,0.35,232,0.5,100,0.7,2.32,>2018,EURO4,0.25,-0.075,0.33,FALSE,,,,,,
26/05/2023 00:00,2019,4,C,0.44,341,1.5,200,0.293333333,1.705,>2018,EURO4,0.25,-0.176666667,0.17625,FALSE,,,,,,
11/12/2023 00:00,2019,4,C,0.01,154,0.5,100,0.02,1.54,>2018,EURO4,0.25,-0.245,0.135,FALSE,,,,,,
13/12/2023 00:00,2019,4,C,0.4,101,0.5,100,0.8,1.01,>2018,EURO4,0.25,-0.05,0.0025,FALSE,,,,,,
24/09/2023 00:00,2019,4,C,0.02,411,1.5,200,0.013333333,2.055,>2018,EURO4,0.25,-0.246666667,0.26375,FALSE,,,,,,
03/10/2023 00:00,2019,4,C,0.15,131,0.5,100,0.3,1.31,>2018,EURO4,0.25,-0.175,0.0775,FALSE,,,,,,
13/01/2024 00:00,2019,5,C,1,24,0.5,100,2,0.24,>2018,EURO4,0.25,0.25,-0.19,FALSE,,,,,,
17/07/2019,2019,0,C,0.52,49,0.5,100,1.04,0.49,>2018,EURO4,0.25,0.01,-0.1275,FALSE,,,,,,
05/09/2023 00:00,2019,4,C,0.01,294,1.5,200,0.006666667,1.47,>2018,EURO4,0.25,-0.248333333,0.1175,FALSE,,,,,,
07/10/2024 00:00,2019,5,C,0.1,120,0.5,100,0.2,1.2,>2018,EURO4,0.25,-0.2,0.05,FALSE,,,,,,
16/07/2019,2019,0,C,0.01,152,0.5,100,0.02,1.52,>2018,EURO4,0.25,-0.245,0.13,FALSE,,,,,,
15/11/2023 00:00,2019,4,C,0.01,117,0.5,100,0.02,1.17,>2018,EURO4,0.25,-0.245,0.0425,FALSE,,,,,,
03/01/2025 00:00,2019,6,C,0.35,107,0.5,100,0.7,1.07,>2018,EURO4,0.25,-0.075,0.0175,FALSE,,,,,,
02/12/2023 00:00,2019,4,C,0.89,109,0.5,100,1.78,1.09,>2018,EURO4,0.25,0.195,0.0225,FALSE,,,,,,
19/12/2023 00:00,2019,4,C,0.6,117,0.5,100,1.2,1.17,>2018,EURO4,0.25,0.05,0.0425,FALSE,,,,,,
02/11/2023 00:00,2019,4,C,0,116,0.5,100,0,1.16,>2018,EURO4,0.25,-0.25,0.04,FALSE,,,,,,
04/09/2024 00:00,2019,5,C,0.59,139,0.5,100,1.18,1.39,>2018,EURO4,0.25,0.045,0.0975,FALSE,,,,,,
19/12/2023 00:00,2019,4,C,0.6,117,0.5,100,1.2,1.17,>2018,EURO4,0.25,0.05,0.0425,FALSE,,,,,,
15/12/2023 00:00,2019,4,C,0.71,8,0.5,100,1.42,0.08,>2018,EURO4,0.25,0.105,-0.23,FALSE,,,,,,
04/12/2023 00:00,2019,4,C,0.05,107,0.5,100,0.1,1.07,>2018,EURO4,0.25,-0.225,0.0175,FALSE,,,,,,
03/11/2023 00:00,2019,4,C,0.73,0,0.5,100,1.46,0,>2018,EURO4,0.25,0.115,-0.25,FALSE,,,,,,
28/08/2023 00:00,2019,4,C,0.32,206,1.5,200,0.213333333,1.03,>2018,EURO4,0.25,-0.196666667,0.0075,FALSE,,,,,,
05/12/2023 00:00,2019,4,C,0.7,1,0.5,100,1.4,0.01,>2018,EURO4,0.25,0.1,-0.2475,FALSE,,,,,,
04/10/2023 00:00,2019,4,C,0.61,140,0.5,100,1.22,1.4,>2018,EURO4,0.25,0.055,0.1,FALSE,,,,,,
26/06/2019,2019,0,C,0.61,18,0.5,100,1.22,0.18,>2018,EURO4,0.25,0.055,-0.205,FALSE,,,,,,
03/11/2023 00:00,2019,4,C,0.21,143,0.5,100,0.42,1.43,>2018,EURO4,0.25,-0.145,0.1075,FALSE,,,,,,
24/09/2023 00:00,2019,4,C,0.23,797,1.5,200,0.153333333,3.985,>2018,EURO4,0.25,-0.211666667,0.74625,FALSE,,,,,,
15/11/2023 00:00,2019,4,C,0.01,117,0.5,100,0.02,1.17,>2018,EURO4,0.25,-0.245,0.0425,FALSE,,,,,,
11/11/2023 00:00,2019,4,C,0.58,239,0.5,150,1.16,1.593333333,>2018,EURO4,0.25,0.04,0.148333333,FALSE,,,,,,
09/10/2023 00:00,2019,4,C,0.29,103,0.5,100,0.58,1.03,>2018,EURO4,0.25,-0.105,0.0075,FALSE,,,,,,
24/09/2023 00:00,2019,4,C,1.91,196,1.5,200,1.273333333,0.98,>2018,EURO4,0.25,0.068333333,-0.005,FALSE,,,,,,
31/07/2024 00:00,2019,5,C,0.6,1,0.5,100,1.2,0.01,>2018,EURO4,0.25,0.05,-0.2475,FALSE,,,,,,
22/08/2024 00:00,2019,5,C,0.05,213,0.5,100,0.1,2.13,>2018,EURO4,0.25,-0.225,0.2825,FALSE,,,,,,
14/06/2023 00:00,2019,4,C,0.4,234,1.5,200,0.266666667,1.17,>2018,EURO4,0.25,-0.183333333,0.0425,FALSE,,,,,,
11/11/2023 00:00,2019,4,C,0.75,175,0.5,150,1.5,1.166666667,>2018,EURO4,0.25,0.125,0.041666667,FALSE,,,,,,
09/11/2024 00:00,2019,5,C,0.35,134,0.5,100,0.7,1.34,>2018,EURO4,0.25,-0.075,0.085,FALSE,,,,,,
02/11/2023 00:00,2019,4,C,0.25,103,0.5,100,0.5,1.03,>2018,EURO4,0.25,-0.125,0.0075,FALSE,,,,,,
07/06/2023 00:00,2019,4,C,0.38,243,1.5,200,0.253333333,1.215,>2018,EURO4,0.25,-0.186666667,0.05375,FALSE,,,,,,
17/02/2024 00:00,2020,4,C,0.6,22,0.5,100,1.2,0.22,>2018,EURO4,0.25,0.05,-0.195,FALSE,,,,,,
14/06/2022,2020,2,C,0.19,143,0.5,100,0.38,1.43,>2018,EURO4,0.25,-0.155,0.1075,FALSE,,,,,,
06/03/2024 00:00,2020,4,C,0.67,109,0.5,150,1.34,0.726666667,>2018,EURO4,0.25,0.085,-0.068333333,FALSE,,,,,,
27/01/2024 00:00,2020,4,C,0.62,19,0.5,100,1.24,0.19,>2018,EURO4,0.25,0.06,-0.2025,FALSE,,,,,,
14/06/2023 00:00,2020,3,C,0.47,230,1.5,200,0.313333333,1.15,>2018,EURO4,0.25,-0.171666667,0.0375,FALSE,,,,,,
02/12/2024 00:00,2020,4,C,0.54,176,0.5,100,1.08,1.76,>2018,EURO4,0.25,0.02,0.19,FALSE,,,,,,
24/10/2023 00:00,2020,3,C,0.1,213,0.5,100,0.2,2.13,>2018,EURO4,0.25,-0.2,0.2825,FALSE,,,,,,
21/11/2023 00:00,2020,3,C,0.16,471,0.5,150,0.32,3.14,>2018,EURO4,0.25,-0.17,0.535,FALSE,,,,,,
07/07/2022,2021,1,C,0.64,153,0.5,100,1.28,1.53,>2018,EURO4,0.25,0.07,0.1325,FALSE,,,,,,
05/11/2023 00:00,2021,2,C,0,147,0.5,100,0,1.47,>2018,EURO4,0.25,-0.25,0.1175,FALSE,,,,,,
13/12/2023 00:00,2021,2,C,0,123,0.5,100,0,1.23,>2018,EURO4,0.25,-0.25,0.0575,FALSE,,,,,,
30/03/2022,2021,1,C,5.46,460,0.5,100,10.92,4.6,>2018,EURO4,0.25,2.48,0.9,FALSE,,,,,,
25/11/2023 00:00,2021,2,C,0.85,77,0.5,100,1.7,0.77,>2018,EURO4,0.25,0.175,-0.0575,FALSE,,,,,,
04/11/2024 00:00,2021,3,C,0.66,10,0.5,100,1.32,0.1,>2018,EURO4,0.25,0.08,-0.225,FALSE,,,,,,
09/10/2023 00:00,2021,2,C,0,110,0.5,100,0,1.1,>2018,EURO4,0.25,-0.25,0.025,FALSE,,,,,,
06/03/2025 00:00,2021,4,C,0.56,37,0.5,100,1.12,0.37,>2018,EURO4,0.25,0.03,-0.1575,FALSE,,,,,,
29/06/2022,2021,1,C,0.61,25,0.5,100,1.22,0.25,>2018,EURO4,0.25,0.055,-0.1875,FALSE,,,,,,
28/01/2024 00:00,2021,3,C,0.52,34,0.5,100,1.04,0.34,>2018,EURO4,0.25,0.01,-0.165,FALSE,,,,,,
27/06/2024 00:00,2021,3,C,10,12,0.5,100,20,0.12,>2018,EURO4,0.25,4.75,-0.22,FALSE,,,,,,
13/03/2024 00:00,2021,3,C,0.9,0,0.5,100,1.8,0,>2018,EURO4,0.25,0.2,-0.25,FALSE,,,,,,
27/08/2024 00:00,2021,3,C,0.6,35,0.5,100,1.2,0.35,>2018,EURO4,0.25,0.05,-0.1625,FALSE,,,,,,
21/12/2023 00:00,2021,2,C,19,2,0.5,100,38,0.02,>2018,EURO4,0.25,9.25,-0.245,FALSE,,,,,,
04/11/2023 00:00,2021,2,C,0.67,15,0.5,100,1.34,0.15,>2018,EURO4,0.25,0.085,-0.2125,FALSE,,,,,,
27/09/2024 00:00,2021,3,C,0,125,0.5,100,0,1.25,>2018,EURO4,0.25,-0.25,0.0625,FALSE,,,,,,
12/10/2023 00:00,2021,2,C,12.1,51,0.5,100,24.2,0.51,>2018,EURO4,0.25,5.8,-0.1225,FALSE,,,,,,
08/05/2024 00:00,2021,3,C,0.07,127,0.5,100,0.14,1.27,>2018,EURO4,0.25,-0.215,0.0675,FALSE,,,,,,
23/07/2024 00:00,2021,3,C,0.14,134,0.5,100,0.28,1.34,>2018,EURO4,0.25,-0.18,0.085,FALSE,,,,,,
02/10/2023 00:00,2021,2,C,0.01,169,0.5,100,0.02,1.69,>2018,EURO4,0.25,-0.245,0.1725,FALSE,,,,,,
17/12/2024 00:00,2021,3,C,0.187,105,0.5,100,0.374,1.05,>2018,EURO4,0.25,-0.1565,0.0125,FALSE,,,,,,
08/10/2023 00:00,2021,2,C,0.55,24,0.5,100,1.1,0.24,>2018,EURO4,0.25,0.025,-0.19,FALSE,,,,,,
10/10/2024 00:00,2021,3,C,0.55,10,0.5,100,1.1,0.1,>2018,EURO4,0.25,0.025,-0.225,FALSE,,,,,,
19/07/2024 00:00,2021,3,C,0.4,153,0.5,100,0.8,1.53,>2018,EURO4,0.25,-0.05,0.1325,FALSE,,,,,,
16/10/2024 00:00,2021,3,C,0.24,204,0.5,100,0.48,2.04,>2018,EURO4,0.25,-0.13,0.26,FALSE,,,,,,
04/01/2025 00:00,2022,3,C,0.51,102,0.5,100,1.02,1.02,>2018,EURO4,0.25,0.005,0.005,FALSE,,,,,,
25/10/2023 00:00,2022,1,C,0.51,28,0.5,100,1.02,0.28,>2018,EURO4,0.25,0.005,-0.18,FALSE,,,,,,
15/10/2023 00:00,2022,1,C,0.6,1,0.5,100,1.2,0.01,>2018,EURO4,0.25,0.05,-0.2475,FALSE,,,,,,
15/10/2024 00:00,2022,2,C,0.53,6,0.5,100,1.06,0.06,>2018,EURO4,0.25,0.015,-0.235,FALSE,,,,,,
24/12/2024 00:00,2022,2,C,0.48,144,0.5,100,0.96,1.44,>2018,EURO4,0.25,-0.01,0.11,FALSE,,,,,,
13/11/2023 00:00,2022,1,C,0.78,86,0.5,100,1.56,0.86,>2018,EURO4,0.25,0.14,-0.035,FALSE,,,,,,
05/12/2023 00:00,2022,1,C,2.58,12,0.5,100,5.16,0.12,>2018,EURO4,0.25,1.04,-0.22,FALSE,,,,,,
09/03/2023 00:00,2022,1,C,5.99,0,1.5,200,3.993333333,0,>2018,EURO4,0.25,0.748333333,-0.25,FALSE,,,,,,
02/11/2023 00:00,2022,1,C,1.1,150,0.5,100,2.2,1.5,>2018,EURO4,0.25,0.3,0.125,FALSE,,,,,,
14/12/2024 00:00,2022,2,C,0.55,86,0.5,100,1.1,0.86,>2018,EURO4,0.25,0.025,-0.035,FALSE,,,,,,
30/10/2023 00:00,2022,1,C,0.01,111,0.5,100,0.02,1.11,>2018,EURO4,0.25,-0.245,0.0275,FALSE,,,,,,
03/01/2025 00:00,2022,3,C,2.44,203,0.5,100,4.88,2.03,>2018,EURO4,0.25,0.97,0.2575,FALSE,,,,,,
01/02/2024 00:00,2022,2,C,0.01,119,0.5,100,0.02,1.19,>2018,EURO4,0.25,-0.245,0.0475,FALSE,,,,,,
01/10/2023 00:00,2022,1,C,0,171,0.5,100,0,1.71,>2018,EURO4,0.25,-0.25,0.1775,FALSE,,,,,,
13/12/2023 00:00,2022,1,C,0,136,0.5,100,0,1.36,>2018,EURO4,0.25,-0.25,0.09,FALSE,,,,,,
10/11/2023 00:00,2022,1,C,0.01,117,0.5,100,0.02,1.17,>2018,EURO4,0.25,-0.245,0.0425,FALSE,,,,,,
09/12/2023 00:00,2022,1,C,0.54,69,0.5,100,1.08,0.69,>2018,EURO4,0.25,0.02,-0.0775,FALSE,,,,,,
10/11/2023 00:00,2022,1,C,0.01,117,0.5,100,0.02,1.17,>2018,EURO4,0.25,-0.245,0.0425,FALSE,,,,,,
22/03/2025 00:00,2022,3,C,0.56,37,0.5,100,1.12,0.37,>2018,EURO4,0.25,0.03,-0.1575,FALSE,,,,,,
01/11/2023 00:00,2022,1,C,0.6,1,0.5,100,1.2,0.01,>2018,EURO4,0.25,0.05,-0.2475,FALSE,,,,,,
24/11/2023 00:00,2022,1,C,0.21,122,0.5,100,0.42,1.22,>2018,EURO4,0.25,-0.145,0.055,FALSE,,,,,,
21/11/2024 00:00,2022,2,C,1.29,62,0.5,100,2.58,0.62,>2018,EURO4,0.25,0.395,-0.095,FALSE,,,,,,
06/10/2023 00:00,2022,1,C,0.58,86,0.5,100,1.16,0.86,>2018,EURO4,0.25,0.04,-0.035,FALSE,,,,,,
06/02/2024 00:00,2022,2,C,1,0,0.5,100,2,0,>2018,EURO4,0.25,0.25,-0.25,FALSE,,,,,,
04/11/2023 00:00,2022,1,C,0.17,141,0.5,100,0.34,1.41,>2018,EURO4,0.25,-0.165,0.1025,FALSE,,,,,,
27/11/2023 00:00,2022,1,C,0.02,103,0.5,100,0.04,1.03,>2018,EURO4,0.25,-0.24,0.0075,FALSE,,,,,,
15/10/2023 00:00,2022,1,C,1,1,0.5,100,2,0.01,>2018,EURO4,0.25,0.25,-0.2475,FALSE,,,,,,
10/11/2023 00:00,2022,1,C,0.01,117,0.5,100,0.02,1.17,>2018,EURO4,0.25,-0.245,0.0425,FALSE,,,,,,
04/11/2023 00:00,2022,1,C,0.42,249,0.5,100,0.84,2.49,>2018,EURO4,0.25,-0.04,0.3725,FALSE,,,,,,
04/11/2023 00:00,2022,1,C,0.17,141,0.5,100,0.34,1.41,>2018,EURO4,0.25,-0.165,0.1025,FALSE,,,,,,
05/02/2024 00:00,2023,1,C,1,9,0.5,100,2,0.09,>2018,EURO4,0.25,0.25,-0.2275,FALSE,,,,,,
15/06/2024 00:00,2023,1,C,0.58,72,0.5,100,1.16,0.72,>2018,EURO4,0.25,0.04,-0.07,FALSE,,,,,,
03/12/2024 00:00,2023,1,C,0.99,16,0.5,100,1.98,0.16,>2018,EURO4,0.25,0.245,-0.21,FALSE,,,,,,
17/07/2024 00:00,2023,1,C,0.6,0,0.5,100,1.2,0,>2018,EURO4,0.25,0.05,-0.25,FALSE,,,,,,
15/05/2024 00:00,2023,1,C,0,157,0.5,100,0,1.57,>2018,EURO4,0.25,-0.25,0.1425,FALSE,,,,,,
18/10/2023 00:00,2023,0,C,0,132,0.5,100,0,1.32,>2018,EURO4,0.25,-0.25,0.08,FALSE,,,,,,
26/10/2023 00:00,2023,0,C,0.6,1,0.5,100,1.2,0.01,>2018,EURO4,0.25,0.05,-0.2475,FALSE,,,,,,
21/02/2024 00:00,2023,1,C,0,990,0.5,100,0,9.9,>2018,EURO4,0.25,-0.25,2.225,FALSE,,,,,,
05/02/2024 00:00,2023,1,C,1,9,0.5,100,2,0.09,>2018,EURO4,0.25,0.25,-0.2275,FALSE,,,,,,
30/10/2023 00:00,2023,0,C,0.05,103,0.5,100,0.1,1.03,>2018,EURO4,0.25,-0.225,0.0075,FALSE,,,,,,
14/06/2024 00:00,2023,1,C,0.56,37,0.5,100,1.12,0.37,>2018,EURO4,0.25,0.03,-0.1575,FALSE,,,,,,
04/04/2024 00:00,2023,1,C,0.03,101,0.5,100,0.06,1.01,>2018,EURO4,0.25,-0.235,0.0025,FALSE,,,,,,
08/11/2023 00:00,2023,0,C,1,345,0.5,100,2,3.45,>2018,EURO4,0.25,0.25,0.6125,FALSE,,,,,,
07/09/2023 00:00,2001,22,D,10,896,3,700,3.333333333,1.28,<2007,NON_EURO,0.2,0.466666667,0.056,FALSE,,,,,,
14/11/2023 00:00,2003,20,D,4.58,663,4,1100,1.145,0.602727273,<2007,NON_EURO,0.2,0.029,-0.079454545,FALSE,,,,,,
08/10/2024 00:00,2005,19,D,7.71,605,4,1100,1.9275,0.55,<2007,NON_EURO,0.2,0.1855,-0.09,FALSE,,,,,,
04/07/2024 00:00,2005,19,D,5.88,419,4,1100,1.47,0.380909091,<2007,NON_EURO,0.2,0.094,-0.123818182,FALSE,,,,,,
12/09/2013,2007,6,D,3.15,169,1,150,3.15,1.126666667,2007-2018,EURO2,0.2,0.43,0.025333333,FALSE,,,,,,
11/09/2013,2008,5,D,1.02,153,1,150,1.02,1.02,2007-2018,EURO2,0.2,0.004,0.004,FALSE,,,,,,
28/02/2025 00:00,2010,15,D,0.46,259,1,200,0.46,1.295,2007-2018,EURO2,0.2,-0.108,0.059,FALSE,,,,,,
07/07/2022,2010,12,D,0.08,255,1,150,0.08,1.7,2007-2018,EURO2,0.2,-0.184,0.14,FALSE,,,,,,
23/05/2023 00:00,2011,12,D,0.82,370,1.5,200,0.546666667,1.85,2007-2018,EURO2,0.2,-0.090666667,0.17,FALSE,,,,,,
27/06/2023 00:00,2011,12,D,4.05,3325,1.5,200,2.7,16.625,2007-2018,EURO2,0.2,0.34,3.125,FALSE,,,,,,
21/06/2022,2011,11,D,1.01,134,1,150,1.01,0.893333333,2007-2018,EURO2,0.2,0.002,-0.021333333,FALSE,,,,,,
18/05/2016,2012,4,D,0.8,178,1,150,0.8,1.186666667,2007-2018,EURO2,0.2,-0.04,0.037333333,FALSE,,,,,,
02/06/2016,2012,4,D,3.11,438,1,150,3.11,2.92,2007-2018,EURO2,0.2,0.422,0.384,FALSE,,,,,,
07/10/2015,2012,3,D,2.56,984,1,150,2.56,6.56,2007-2018,EURO2,0.2,0.312,1.112,FALSE,,,,,,
25/06/2019,2012,7,D,0.09,196,1,150,0.09,1.306666667,2007-2018,EURO2,0.2,-0.182,0.061333333,FALSE,,,,,,
14/06/2022,2012,10,D,0.04,218,1,150,0.04,1.453333333,2007-2018,EURO2,0.2,-0.192,0.090666667,FALSE,,,,,,
16/06/2022,2013,9,D,0.49,412,1,150,0.49,2.746666667,2007-2018,EURO2,0.2,-0.102,0.349333333,FALSE,,,,,,
01/11/2023 00:00,2013,10,D,2.07,489,1,200,2.07,2.445,2007-2018,EURO2,0.2,0.214,0.289,FALSE,,,,,,
07/10/2015,2013,2,D,0.79,160,1,150,0.79,1.066666667,2007-2018,EURO2,0.2,-0.042,0.013333333,FALSE,,,,,,
27/02/2024 00:00,2013,11,D,1.1,5,1,200,1.1,0.025,2007-2018,EURO2,0.2,0.02,-0.195,FALSE,,,,,,
20/02/2025 00:00,2013,12,D,1.54,193,1,200,1.54,0.965,2007-2018,EURO2,0.2,0.108,-0.007,FALSE,,,,,,
24/07/2018,2013,5,D,0.34,151,1,150,0.34,1.006666667,2007-2018,EURO2,0.2,-0.132,0.001333333,FALSE,,,,,,
26/05/2023 00:00,2013,10,D,7.2,273,1.5,200,4.8,1.365,2007-2018,EURO2,0.2,0.76,0.073,FALSE,,,,,,
25/04/2019,2013,6,D,1.3,231,1,150,1.3,1.54,2007-2018,EURO2,0.2,0.06,0.108,FALSE,,,,,,
10/07/2019,2014,5,D,0.49,193,1,150,0.49,1.286666667,2007-2018,EURO2,0.2,-0.102,0.057333333,FALSE,,,,,,
05/11/2024 00:00,2014,10,D,1.1,3,1,200,1.1,0.015,2007-2018,EURO2,0.2,0.02,-0.197,FALSE,,,,,,
06/07/2022,2014,8,D,0.41,245,1,150,0.41,1.633333333,2007-2018,EURO2,0.2,-0.118,0.126666667,FALSE,,,,,,
01/09/2023 00:00,2015,8,D,1.29,522,1.5,200,0.86,2.61,2007-2018,EURO2,0.2,-0.028,0.322,FALSE,,,,,,
07/11/2023 00:00,2015,8,D,0.43,219,1,200,0.43,1.095,2007-2018,EURO2,0.2,-0.114,0.019,FALSE,,,,,,
10/07/2024 00:00,2015,9,D,5.12,368,1,200,5.12,1.84,2007-2018,EURO2,0.2,0.824,0.168,FALSE,,,,,,
18/07/2019,2015,4,D,1.65,295,1,150,1.65,1.966666667,2007-2018,EURO2,0.2,0.13,0.193333333,FALSE,,,,,,
27/06/2019,2016,3,D,0.34,251,1,150,0.34,1.673333333,2007-2018,EURO2,0.2,-0.132,0.134666667,FALSE,,,,,,
16/05/2017,2016,1,D,0.51,181,1,150,0.51,1.206666667,2007-2018,EURO2,0.2,-0.098,0.041333333,FALSE,,,,,,
11/11/2024 00:00,2017,7,D,0.32,225,1,200,0.32,1.125,2007-2018,EURO2,0.2,-0.136,0.025,FALSE,,,,,,
08/11/2023 00:00,2021,2,D,0.72,127,0.5,150,1.44,0.846666667,>2018,EURO4,0.1,0.044,-0.015333333,FALSE,,,,,,
14/11/2024 00:00,2022,2,D,0,149,0.5,100,0,1.49,>2018,EURO4,0.1,-0.1,0.049,FALSE,,,,,,
07/03/2023 00:00,2022,1,D,3.63,100,1.5,200,2.42,0.5,>2018,EURO4,0.1,0.142,-0.05,FALSE,,,,,,
